enrollment_id,student_name,age,gender,city,course_name,course_category,course_fee,payment_status,completion_status,discount_code,enrollment_month,enrollment_year,referral_source,device_type
ENR1001,Ramesh Kumar,24,,ahemdabad,Network Security Essentials,CYBER SECURITY,₹8499,Failed,Incomplete,ALUMNI20,Jul,2023,Google Search,Desktop
ENR1002,Deepa Solanki,41,FEMALE,Puna,UI/UX Design Essentials,Web Dev,INR 8999,Paid,Completed,,Jan,2024,Facebook Ad,mobile
ENR1003,Nikhil Trivedi,18,F,visakhapatnam,Business Intelligence Reporting,business Anaytics,Rs.6999,Paid,Completed,FLASHSALE,Mar,2023,College Partnership,
ENR1004,Smita Jadhav,42,Female,chandigarh,Multi-Cloud Architecture,Cloud Computing,₹17499,Paid,Completed,,Dec,2024,College Partnership,MOBILE
ENR1005,Ajay Goswami,22,female,Jaipuur,Business Intelligence Reporting,business Anaytics,INR. 6999,Pending,Incomplete,,Oct,2024,Instagram Ad,Tablet
ENR1006,Saritha Mehta,34,Male, Kolkata,Ethical Hacking Bootcamp,CyberSecurity,Rs 13999,Failed,Incomplete,NEW20,Jul,2023,Google Search,Desktop 
ENR1007,Manoj Naik,32,Female,Dilli,Azure Fundamentals,Cloud computing,11499,Paid,Incomplete,ALUMNI20,Sep,2024,YouTube Ad,Mobile
ENR1008,,31,, mumbai,Google Cloud Essentials,cloud computing,Rs. 10999,Failed,Incomplete,FLASHSALE,Sep,2023,Google Search,Mobile
ENR1009,,24,F, Kolkata,Multi-Cloud Architecture,CLOUD COMPUTING,INR 17499,Paid,Incomplete,STUDENT15,Apr,2023,College Partnership,desktop
ENR1186,Kavya Krishnan,37,,Vizag,Deep Learning Essentials,Artificial Intelligence,₹18499,Failed,Incomplete,CORP50,Sep,2024,Google Search,
ENR1011,,41,Male, Coimbatore,SQL Masterclass,Programming,₹4999,Paid,Completed,,Oct,2024,Instagram Ad,desktop
ENR1012,Sandeep Chaudhary,22,Male,surat,ML with Scikit-Learn,Machine Learning,Rs 9499,Failed,Incomplete,,Nov,2023,Instagram Ad,Desktop
ENR1013,Manish Kumar,44,FEMALE,Pune ,NLP with Python,Artificial Intelligence,Rs 15999,Paid,Incomplete,,Dec,2024,Instagram Ad,Desktop 
ENR1242,Ramesh Murthy,22,male,Chandigarh,Business Intelligence Reporting,Business Analytics,Rs.6999,Pending,Incomplete,CORP50,Aug,2023,College Partnership,desktop
ENR1015,Sarika Murthy,38,male,Mumbai ,Multi-Cloud Architecture,cloud compuing,Rs.17499,Paid,Incomplete,REFER10,Apr,2024,Email Campaign,Tablet
ENR1016,Rohit Shah,40,MALE,Coimbatore ,Advanced Excel Dashboarding,Programming ,INR. 3499,Failed,Incomplete,REFER10,Nov,2024,Facebook Ad,
ENR1017,Komal Singh,,male,Indore,Java for Beginners,Programming,INR 4499,Pending,Incomplete,EARLYBIRD,Jun,2024,YouTube Ad,Desktop 
ENR1018,Lakshmi Sharma,22,male,Coimbatore ,Data Engineering with Python,data science,13499,Failed,Incomplete,REFER10,Nov,2024,Email Campaign,MOBILE
ENR1019,Tarun Goswami,42,male,bangalore,Java for Beginners,Programing,Rs. 4499,Pending,Incomplete,FESTIVE30,Jan,2023,Google Search,desktop
ENR1020,Meera Rajan,29,Male,Hydrabad,Business Intelligence Reporting,Business Analytics,6999,Pending,Incomplete,,Jul,2024,YouTube Ad,mobile
ENR1021,Vivek Krishnan,36,M,Coimbatore ,Social Media Marketing,DIGITAL MARKETING,INR. 3999,Paid,Completed,REFER10,Dec,2024,Google Search,desktop
ENR1022, Sarika Gowda,35,MALE,KOLKATA,Content Marketing Strategy,Digitall Marketing,₹3499,Paid,Incomplete,WELCOME10,May,2023,WhatsApp Group,Desktop
ENR1023, Lokesh Jadhav,23,M,Noida ,CI/CD Pipeline Mastery,DevOPS,Rs 11999,Failed,Incomplete,,Mar,2024,YouTube Ad,Desktop
ENR1024,Tanvi Bose,36,male,Nagpuur,Excel for Business,BUSINESS ANALYTICS,INR. 2999,Paid,Completed,WELCOME10,Dec,2023,Instagram Ad,mobile
ENR1025,Archana Jain,41,F,BANGALORE,Deep Learning Essentials,Artificial intelligence,Rs. 18499,Paid,Completed,,Apr,2024,Email Campaign,Tablet
ENR1026,VIJAY CHOPRA,19,female,Nagpuur,SEO & SEM Masterclass,DIGITAL MARKETING,Rs. 4999,Failed,Incomplete,,Oct,2023,Facebook Ad,Tablet
ENR1027,Revathi Agarwal,41,M,Visakhapatnam,Cyber Security Fundamentals,Cyber security,Rs. 9999,Failed,Incomplete,NEW20,Dec,2023,College Partnership,desktop
ENR1028,pallavi goswami,30,,Bhopal,DevOps Foundations,devops,INR. 10499,Failed,Incomplete,CORP50,May,2023,Google Search,desktop
ENR1029,,31,FEMALE,Ahemdabad,SEO & SEM Masterclass,digital marketing,4999,Paid,Incomplete,,Nov,2023,Google Search,desktop
ENR1264,Lokesh Solanki,38,F,Gurugram,Tableau for Analysts,Business Analytics,6499,Failed,Incomplete,ALUMNI20,May,2023,LinkedIn Post,MOBILE
ENR1031,Monika Iyer,35,female,SURAT,Advanced Excel Dashboarding,Programing,₹3499,Paid,Completed,,Dec,2023,LinkedIn Post,Desktop
ENR1032,Indira Swamy,32,FEMALE,Noida ,Network Security Essentials,Cybersecurity,₹8499,Paid,Completed,,Apr,2023,Google Search,mobile
ENR1033,Shobha Pandey,45,male,Bhuvaneshwar,Excel for Business,Business analytics,Rs.2999,Failed,Incomplete,EARLYBIRD,Sep,2024,Friend Referral,Desktop 
ENR1034,Ankit Tiwari,29,F,Nagpuur,Business Intelligence Reporting,Busniess Analytics,Rs 6999,Paid,Completed,FESTIVE30,Aug,2024,Walk-in,
ENR1035,Bhaskar Menon,31,F,Pune ,Multi-Cloud Architecture,CLOUD COMPUTING,Rs.17499,Paid,Incomplete,,Sep,2024,Facebook Ad,desktop
ENR1036,Vikram Deshpande,,Female,BHUBANESWAR,Social Media Marketing,digital marketing,Rs. 3999,Failed,Incomplete,CORP50,Nov,2023,Instagram Ad,Mobile
ENR1037,Monika Bhosale,27,male, Delhi,SQL Masterclass,Programming ,4999,Paid,Completed,,Aug,2024,Instagram Ad,Tablet
ENR1038,kavya krishnan,41,,Ranchi,UI/UX Design Essentials,Web Dev,Rs 8999,Failed,Incomplete,,Oct,2024,Walk-in,Desktop 
ENR1039,Indira Patel,29,female,LUCKNOW,Statistics for Data Science,Data Science,INR. 7999,Paid,Completed,,Nov,2024,College Partnership,
ENR1040,karan bajpai,20,,VADODARA,ML with Scikit-Learn,MACHINE LEARNING,Rs 9499,Failed,Incomplete,,Sep,2024,,
ENR1041,,22,Male,ranchi,Linux for DevOps,DEVOPS,Rs 6999,Failed,Incomplete,EARLYBIRD,May,2023,Email Campaign,Mobile
ENR1042,SHOBHA MANE,34,male,Coimbtor,Business Intelligence Reporting,business Anaytics,Rs 6999,Paid,Incomplete,EARLYBIRD,Oct,2024,Google Search,desktop
ENR1468,Dinesh Bose,36,MALE,vizag,Python Programming Basics,Programing,3999,Pending,Incomplete,SUMMER25,Dec,2024,Google Search,
ENR1233,Satish Kulkarni ,33,F, Gurgaon,Full Stack Web Development,WEB DEVELOPMENT,Rs. 14999,Paid,Incomplete,,Mar,2023,Google Search,Tablet
ENR1045, Rohit Kapoor,27,MALE,baroda,AI for Business Leaders,Artificial Intelligence,INR 11999,Paid,Incomplete,,May,2023,YouTube Ad,Tablet
ENR1046,Padma Trivedi,39,male,chennai,Google Cloud Essentials,Cloud Computing,Rs.10999,Paid,Completed,,Dec,2024,Instagram Ad,MOBILE
ENR1052,Karthik Patel,31,M,vizag,Machine Learning Bootcamp,Machine learning,Rs.16999,Pending,Incomplete,,Jul,2024,College Partnership,mobile
ENR1048,Rajeev Bhosale,42,M,pune,Business Intelligence Reporting,data Science,Rs 6999,Failed,Incomplete,,Mar,2024,Facebook Ad,Desktop 
ENR1049,,42,Female, Jaipur,AWS Cloud Practitioner,CLOUD COMPUTING,INR 12999,Paid,Completed,CORP50,Apr,2023,Friend Referral,Tablet
ENR1061,Ashok Parikh,45,MALE,PATNA,Data Engineering with Python,Data Science,INR. 13499,Paid,Incomplete,,Dec,2024,Google Search,
ENR1051,Pavan Deshpande,31,Male,Kochi,Power BI Analytics,business analytics,₹7499,Paid,Completed,FLASHSALE,Jun,2024,LinkedIn Post,Tablet
ENR1052,Karthik Patel,31,M,vizag,Machine Learning Bootcamp,Machine learning,Rs.16999,Pending,Incomplete,,Jul,2024,College Partnership,mobile
ENR1053, Manoj Menon,23,MALE,Vizag,Machine Learning Bootcamp,MACHINE LEARNING,INR 16999,Paid,Incomplete,STUDENT15,May,2024,YouTube Ad,Desktop
ENR1054,ASHA DUBEY,,Male,Vishakhapatnam,Statistics for Data Science,data science,INR. 7999,Failed,Incomplete,,Aug,2024,Email Campaign,Tablet
ENR1055,Vikram Murthy,20,Male,Nagpur,Time Series Forecasting,Machine learning,Rs 10999,Pending,Incomplete,,Dec,2023,Instagram Ad,
ENR1056,Bhaskar Naik,28,M,vadodara,Azure Fundamentals,Cloud Computing,Rs 11499,Failed,Incomplete,,Dec,2024,Walk-in,
ENR1057,Kavitha Murthy,45,F,Ranchi,Multi-Cloud Architecture,Cloud Compuuting,Rs. 17499,Failed,Incomplete,,May,2023,YouTube Ad,Desktop
ENR1058,Neha Pandey,21,,ranchi,Social Media Marketing,Digital marketing,INR 3999,Paid,Completed,,Apr,2023,College Partnership,MOBILE
ENR1059,Pavan Murthy,39,F,JAIPUR,NLP with Python,artificial intelligence,Rs 15999,Paid,Incomplete,NEW20,Mar,2024,Instagram Ad,
ENR1060,archana pillai,37,FEMALE,BANGALORE,Cyber Security Fundamentals,Cybersecurity,Rs. 9999,Paid,Incomplete,STUDENT15,Jan,2024,YouTube Ad,desktop
ENR1061,Ashok Parikh,45,MALE,PATNA,Data Engineering with Python,Data Science,INR. 13499,Paid,Incomplete,,Dec,2024,Google Search,
ENR1062,HEMLATA NAIR,18,M,kolkatta,Python Programming Basics,Programing,INR 3999,Pending,Incomplete,,Jul,2024,Google Search,MOBILE
ENR1063,Manjula Bajpai,42,male, Lucknow,Network Security Essentials,CYBER SECURITY,₹8499,Pending,Incomplete,CORP50,May,2024,WhatsApp Group,desktop
ENR1064,Hemlata Thakur,43,MALE,Channai,Full Stack Web Development,WEB DEVELOPMENT,Rs 14999,Paid,Completed,SUMMER25,Dec,2024,Instagram Ad,Tablet
ENR1065,Rina Shinde,25,F,Kochi,Time Series Forecasting,Machine learning,Rs.10999,Paid,Incomplete,SUMMER25,May,2023,Instagram Ad,Desktop 
ENR1066,Ankit Menon,35,MALE, noida,Azure Fundamentals,cloud compuing,Rs.11499,Paid,Completed,,Jun,2023,Friend Referral,MOBILE
ENR1146,Satish Swamy,19,,JAIPUR,Full Stack Web Development,Web development,INR. 14999,Paid,Incomplete,REFER10,Nov,2023,Friend Referral,MOBILE
ENR1068,Meera More,29,Female,Ahemdabad,Business Intelligence Reporting,Data science,INR. 6999,Paid,Completed,EARLYBIRD,Sep,2024,Google Search,Desktop 
ENR1069,,29,male,Pune ,Business Intelligence Reporting,DataScience,6999,Paid,Completed,FESTIVE30,Oct,2024,Google Search,Desktop 
ENR1070,,28,MALE,DELHI,CI/CD Pipeline Mastery,DevOPS,INR 11999,Failed,Incomplete,,Jan,2024,Email Campaign,Desktop
ENR1071,Vijay Tiwari,20,male, Ahmedabad,Network Security Essentials,cyber security,INR 8499,Paid,Incomplete,REFER10,Nov,2023,YouTube Ad,Tablet
ENR1072,ankita gupta,40,Female,Ahemdabad,SEO & SEM Masterclass,DIGITAL MARKETING,Rs.4999,Paid,Incomplete,FESTIVE30,Jul,2024,,MOBILE
ENR1073,Gaurav Shah,27,Male,Coimbtor,Tableau for Analysts,Business analytics,INR 6499,Paid,Completed,EARLYBIRD,Jun,2023,YouTube Ad,Desktop 
ENR1114,Archana Gupta,31,M,SURAT,AI for Business Leaders,Artificial intelligence,11999,Paid,Completed,,Sep,2024,Email Campaign,Desktop 
ENR1075,Shweta More,22,MALE,Surt,NLP with Python,artificial intelligence,Rs 15999,Failed,Incomplete,,Sep,2023,Google Search,desktop
ENR1076,,40,MALE,Bhubneswar,Advanced Excel Dashboarding,Programming,INR 3499,Failed,Incomplete,,Jun,2023,Google Search,Mobile
ENR1077,Neha Kulkarni,25,M, Bhopal,Deep Learning Essentials,Artificial intelligence,18499,Failed,Incomplete,CORP50,Sep,2023,Walk-in,mobile
ENR1436,Siddharth Desai,25,M,baroda,ML with Scikit-Learn,machine learning,Rs. 9499,Paid,Incomplete,,Jul,2023,Email Campaign,desktop
ENR1079,Sandeep Natarajan,35,female,KOLKATA,Power BI Analytics,Business Analytics,₹7499,Failed,Incomplete,FESTIVE30,Nov,2023,Google Search,Desktop
ENR1080,Amit Iyer,34,Male,Indore,Google Cloud Essentials,CLOUD COMPUTING,10999,Failed,Incomplete,REFER10,Nov,2023,Email Campaign,mobile
ENR1081,Shruti Mane,44,Female,Vizag,NLP with Python,artificial Intelligence,15999,Paid,Incomplete,SUMMER25,Mar,2024,Google Search,Mobile
ENR1082,Sarika Srivastava,19,Male,Bhubneswar,React & Node.js Bootcamp,Web development,INR. 13999,Failed,Incomplete,STUDENT15,Dec,2024,Instagram Ad,MOBILE
ENR1083,Prasad Deshpande,36,M,visakhapatnam,Business Intelligence Reporting,DATA SCIENCE,INR 6999,Failed,Incomplete,FESTIVE30,Sep,2023,LinkedIn Post,MOBILE
ENR1084,Sunita Krishnan,30,MALE,NAGPUR,Business Intelligence Reporting,Business analytics,Rs.6999,Failed,Incomplete,FLASHSALE,May,2023,Friend Referral,Mobile
ENR1085,Vishal Bajpai,27,male, Hyderabad,Statistics for Data Science,data Science,7999,Failed,Incomplete,NEW20,Dec,2024,Friend Referral,mobile
ENR1086,Monika Bajpai,34,male,Delhi,Java for Beginners,Programing,INR 4499,Paid,Completed,,Jun,2024,Google Search,Desktop
ENR1087,Mythili Naik,35,MALE,Dilli,ML with Scikit-Learn,Machne Learning,Rs 9499,Failed,Incomplete,FLASHSALE,Mar,2023,Google Search,mobile
ENR1088,Vishal Naik,39,male,ranchi,Social Media Marketing,digital Markting,Rs 3999,Paid,Completed,WELCOME10,Sep,2023,Friend Referral,Mobile
ENR1328,Priya Srivastava,31,FEMALE, Indore,Deep Learning Essentials,ML,₹18499,Failed,Incomplete,ALUMNI20,Dec,2023,YouTube Ad,Desktop 
ENR1090,Lakshmi Gupta,31,F,Kolkatta,NLP with Python,Artifical Intelligence,Rs.15999,Paid,Incomplete,,Sep,2023,Email Campaign,
ENR1091,Mythili Bhosale,30,male,Vadodara,SEO & SEM Masterclass,digital Markting,INR. 4999,Paid,Completed,,Aug,2023,Google Search,mobile
ENR1092,Manoj Srivastava,32,Female,Bhopal,AWS Cloud Practitioner,cloud computing,Rs.12999,Failed,Incomplete,WELCOME10,Nov,2024,YouTube Ad,Mobile
ENR1093,Mythili Malhotra,27,female,baroda,Digital Marketing Pro,Digitall Marketing,INR 5999,Paid,Completed,FESTIVE30,Jun,2024,Google Search,Desktop 
ENR1094,Deepa Reddy,31,,Surat,React & Node.js Bootcamp,Web Dev,₹13999,Failed,Incomplete,FLASHSALE,Jul,2023,Friend Referral,Mobile
ENR1095,Rahul Mishra,19,FEMALE,Surat,Full Stack Web Development,web dev,14999,Paid,Completed,FLASHSALE,Nov,2024,Google Search,MOBILE
ENR1096,Manoj Rajan,34,FEMALE,Puna,AI for Business Leaders,AI,INR 11999,Failed,Incomplete,,Aug,2024,LinkedIn Post,Desktop
ENR1097,Girish Mehta,33,Male,Hydrabad,Network Security Essentials,CyberSecurity,INR 8499,Paid,Incomplete,FLASHSALE,Dec,2023,Email Campaign,Desktop 
ENR1098,Amit Thakur,36,Female,VIZAG,Full Stack Web Development,Web development,Rs 14999,Paid,Completed,EARLYBIRD,Apr,2024,YouTube Ad,Tablet
ENR1099,Gaurav Iyer,32,F,Chenni,Google Cloud Essentials,cloud compuing,₹10999,Paid,Incomplete,EARLYBIRD,Jun,2023,Facebook Ad,
ENR1100,Vijay Thakur,43,female,GURGAON,Python for Data Science,data Science,₹8999,Pending,Incomplete,FESTIVE30,Sep,2024,Instagram Ad,Mobile
ENR1101,Ashok Chauhan,18,MALE,Vishakhapatnam,SQL Masterclass,Programming ,₹4999,Paid,Incomplete,,Aug,2023,Facebook Ad,Mobile
ENR1317,Swati Nair,41,MALE,Luckhnow,Docker & Kubernetes,devops,INR. 12499,Paid,Incomplete,,Aug,2023,Friend Referral,Desktop 
ENR1284,karthik chopra,20,M,baroda,Linux for DevOps,DevOPS,Rs 6999,Paid,Completed,FESTIVE30,Aug,2024,College Partnership,Mobile
ENR1104,Sneha Singh,36,male,hyderabad,Java for Beginners,programing,INR 4499,Pending,Incomplete,STUDENT15,May,2024,Instagram Ad,
ENR1105,Divya Kumar,20,F,Patna,Social Media Marketing,digital Markting,Rs. 3999,Pending,Incomplete,EARLYBIRD,May,2024,Friend Referral,
ENR1106,Kavya Thakur,36,male,VADODARA,Business Intelligence Reporting,data Science,₹6999,Pending,Incomplete,NEW20,Sep,2024,Google Search,Mobile
ENR1107,Divya Gowda,30,female,mysore,Social Media Marketing,DIGITAL MARKETING,Rs 3999,Pending,Incomplete,WELCOME10,Jan,2024,YouTube Ad,
ENR1458,,21,M,Visakhapatnam,DevOps Foundations,devops,INR 10499,Paid,Completed,,Dec,2024,Walk-in,desktop
ENR1109,priya chauhan,20,F,Bhubaneswar,NLP with Python,Artificial Intelligence,15999,Paid,Incomplete,SUMMER25,Jun,2024,Walk-in,mobile
ENR1110, Preeti More,40,Male,hydrabad,Business Intelligence Reporting, Data Science,Rs. 6999,Paid,Incomplete,,Aug,2023,Google Search,Desktop 
ENR1111,Simran Mane,28,M, Coimbatore,Power BI Analytics,business Anaytics,7499,Failed,Incomplete,CORP50,Nov,2023,Friend Referral,MOBILE
ENR1112,Lakshmi Mishra,,,CHENNAI,Social Media Marketing,Digital Marketing,Rs.3999,Failed,Incomplete,,Dec,2023,Friend Referral,mobile
ENR1113,Sunita Gupta,43,MALE,pune,Python Programming Basics,PROGRAMMING,₹3999,Failed,Incomplete,,Oct,2024,College Partnership,mobile
ENR1114,Archana Gupta,31,M,SURAT,AI for Business Leaders,Artificial intelligence,11999,Paid,Completed,,Sep,2024,Email Campaign,Desktop 
ENR1115,Bhavna Desai,24,FEMALE,lucknow,Tableau for Analysts,Business Analytics,Rs. 6499,Failed,Incomplete,FESTIVE30,Jun,2023,Email Campaign,Desktop 
ENR1116,Sowmya Trivedi,33,male,BHOPAL,Data Engineering with Python, Data Science,INR. 13499,Paid,Incomplete,,Aug,2023,Facebook Ad,Tablet
ENR1117,,38,MALE, Coimbatore,AWS Cloud Practitioner,cloud compuing,Rs 12999,Failed,Incomplete,CORP50,Sep,2023,WhatsApp Group,desktop
ENR1118,Vinod Mehta,39,,Pune ,Java for Beginners,programing,INR 4499,Pending,Incomplete,CORP50,Jul,2023,WhatsApp Group,Desktop 
ENR1119,Swati Mane,20,F,patna,Statistics for Data Science,data Science,7999,Failed,Incomplete,,Apr,2024,Email Campaign,Desktop 
ENR1120,Ankita Pillai,45,,Lucknow,Python for Data Science,DataScience,8999,Failed,Incomplete,NEW20,Feb,2024,WhatsApp Group,MOBILE
ENR1121,Gaurav Chauhan,22,male,Vishakhapatnam,Google Cloud Essentials,CLOUD COMPUTING,INR 10999,Failed,Incomplete,EARLYBIRD,Mar,2024,WhatsApp Group,mobile
ENR1122,Sarika Chaudhary,42,MALE,bhubaneswar,Django for Beginners,Web Development,₹7999,Paid,Completed,STUDENT15,Jun,2023,Walk-in,Desktop
ENR1123,Satish Gowda,32,female,Mumabi,Ethical Hacking Bootcamp,Cyber security,Rs.13999,Paid,Incomplete,NEW20,May,2023,Instagram Ad,MOBILE
ENR1124,Tarun Murthy,33,FEMALE,baroda,SEO & SEM Masterclass,digital Markting,Rs. 4999,Failed,Incomplete,ALUMNI20,Jun,2024,YouTube Ad,MOBILE
ENR1125,Rohit Bajpai,37,male,ahmedabad,Advanced Excel Dashboarding,Programing,Rs. 3499,Failed,Incomplete,STUDENT15,Jan,2024,LinkedIn Post,Desktop
ENR1126,Manish Trivedi,18,MALE,AHMEDABAD,NLP with Python,Artificial intelligence,INR 15999,Paid,Incomplete,STUDENT15,Jan,2024,Google Search,Tablet
ENR1127,Rahul Jain,23,MALE,ahmedabad,Python for Data Science, Data Science,INR. 8999,Paid,Completed,CORP50,Sep,2023,LinkedIn Post,Desktop 
ENR1455,Mythili Bhatt,27,F,Heyderabad,Docker & Kubernetes,DEVOPS,12499,Paid,Incomplete,,Feb,2024,Facebook Ad,Mobile
ENR1129,Divya Jadhav,28,Female,Kolkata,SEO & SEM Masterclass,DIGITAL MARKETING,INR. 4999,Pending,Incomplete,,Jun,2024,Facebook Ad,Mobile
ENR1130,Amit Srivastava,32,MALE,Chandigarh,Machine Learning Bootcamp,Machne Learning,Rs.16999,Failed,Incomplete,,Feb,2024,YouTube Ad,Mobile
ENR1131,Deepa Mishra,30,Female,vizag,DevOps Foundations,DevOPS,INR 10499,Paid,Completed,ALUMNI20,Dec,2024,Google Search,Tablet
ENR1132,DIVYA PATEL,27,F,surat,Linux for DevOps,devops,₹6999,Failed,Incomplete,,Aug,2024,YouTube Ad,Tablet
ENR1133,Amit Kapoor,30,F,Bhopal,ML with Scikit-Learn,Machine Learning,INR 9499,Pending,Incomplete,,Dec,2023,Google Search,desktop
ENR1379,Radha Joshi,35,Male,SURAT,Java for Beginners,Programing,Rs 4499,Pending,Incomplete,,Jul,2024,YouTube Ad,desktop
ENR1135,,28,female,Indore,Data Engineering with Python,data science,INR. 13499,Pending,Incomplete,,Apr,2023,Friend Referral,
ENR1136,,37,Male, Kochi,SQL Masterclass,PROGRAMMING,Rs.4999,Failed,Incomplete,FESTIVE30,Sep,2023,Google Search,
ENR1137,Tanvi Mishra,42,,ranchi,Advanced Excel Dashboarding,PROGRAMMING,3499,Paid,Completed,FESTIVE30,Apr,2023,WhatsApp Group,desktop
ENR1138,Shalini Desai,36,MALE,Mumbai,CI/CD Pipeline Mastery,devops,₹11999,Failed,Incomplete,FLASHSALE,Nov,2024,Instagram Ad,Desktop 
ENR1326,Shobha Deshpande,44,female,Nagpur,AI for Business Leaders,Artificial Intelligence,INR. 11999,Paid,Completed,EARLYBIRD,May,2023,Google Search,desktop
ENR1140,Vijaya Bhat,,,Gurgoan,Ethical Hacking Bootcamp,cyber security,Rs 13999,Failed,Incomplete,WELCOME10,Feb,2024,Google Search,Desktop
ENR1381,Suresh Patel,39,FEMALE,Vishakhapatnam,Django for Beginners,WEB DEVELOPMENT,INR 7999,Failed,Incomplete,,Mar,2024,Google Search,Desktop
ENR1311,,19,male,Gurgoan,Deep Learning Essentials,artificial intelligence,Rs.18499,Paid,Completed,,Oct,2024,Instagram Ad,Tablet
ENR1143,Hemlata Kamath,23,female, Surat,CI/CD Pipeline Mastery,Devops,INR. 11999,Paid,Completed,WELCOME10,Sep,2024,LinkedIn Post,Desktop 
ENR1144,Sandeep Bhosale,44,FEMALE, Patna,Business Intelligence Reporting, Data Science,INR. 6999,Failed,Incomplete,,Nov,2023,Instagram Ad,MOBILE
ENR1145,Bhagyalaxmi Pillai,35,MALE, Ahmedabad,Django for Beginners,Web Development,INR 7999,Paid,Completed,,Nov,2023,YouTube Ad,Desktop
ENR1146,Satish Swamy,19,,JAIPUR,Full Stack Web Development,Web development,INR. 14999,Paid,Incomplete,REFER10,Nov,2023,Friend Referral,MOBILE
ENR1147,Kavitha Patil,42,male,ranchi,Google Cloud Essentials,Cloud Computing,10999,Failed,Incomplete,,Jan,2024,LinkedIn Post,Desktop
ENR1148,Sneha Jain,24,Female,coimbatore,Full Stack Web Development,WEB DEVELOPMENT,INR 14999,Paid,Completed,,Dec,2024,Instagram Ad,mobile
ENR1149,Swati Gupta,35,M,NAGPUR,Python for Data Science,Data science,INR 8999,Failed,Incomplete,,May,2024,College Partnership,Mobile
ENR1150,Sunil Reddy,29,male,hydrabad,AWS Cloud Practitioner,Cloud Compuuting,INR. 12999,Pending,Incomplete,FESTIVE30,May,2023,Email Campaign,Desktop 
ENR1151,,18,Male,Bhuvaneshwar,Python for Data Science,data science,Rs.8999,Paid,Completed,,Jul,2023,Friend Referral,Desktop 
ENR1152,Aarav Gupta,28,FEMALE,LUCKNOW,Power BI Analytics,BUSINESS ANALYTICS,Rs 7499,Paid,Completed,,Jul,2023,Facebook Ad,
ENR1153,Mahesh Bhatt,19,male, delhi,Django for Beginners,WEB DEVELOPMENT,Rs. 7999,Failed,Incomplete,FLASHSALE,Mar,2024,Friend Referral,MOBILE
ENR1154,Manish Venkatesh,,female,Surat,Cyber Security Fundamentals,CyberSecurity,INR. 9999,Paid,Completed,CORP50,Jan,2023,Friend Referral,Desktop
ENR1155,Ankita Desai,24,FEMALE, Lucknow,Django for Beginners,web dev,₹7999,Pending,Incomplete,,Jul,2023,Facebook Ad,Tablet
ENR1178,Harish Reddy,29,male, Hyderabad,Network Security Essentials,cyber security,Rs 8499,Pending,Incomplete,,Jan,2024,Google Search,Desktop 
ENR1157,Lokesh Bose,44,male,Surt,Django for Beginners,web development,INR 7999,Paid,Completed,STUDENT15,Oct,2023,Friend Referral,desktop
ENR1158,Krishna Dubey,31,FEMALE,Jaipur,Java for Beginners,programing,Rs.4499,Paid,Completed,,Mar,2024,Google Search,Mobile
ENR1159,Ananya Rao,24,Female,VIZAG,Cyber Security Fundamentals,Cyber security,INR. 9999,Paid,Completed,REFER10,Aug,2024,YouTube Ad,Mobile
ENR1171,Varun Patel,44,M,CHANDIGARH,Data Engineering with Python,DataScience,₹13499,Paid,Incomplete,STUDENT15,Oct,2023,Google Search,Mobile
ENR1161,Ankit Venkatesh,36,FEMALE,Cochin,DevOps Foundations,devops,INR 10499,Paid,Incomplete,STUDENT15,Nov,2023,Google Search,
ENR1162,Sameer Yadav,44,female,Noida,Python for Data Science,data Science,8999,Paid,Completed,REFER10,Oct,2024,Walk-in,MOBILE
ENR1163,Ashok Bhosale,36,,bangaluru,NLP with Python,AI,15999,Failed,Incomplete,,May,2023,Instagram Ad,
ENR1164,Bhagyalaxmi Trivedi,,,Patna,Power BI Analytics,Busniess Analytics,INR. 7499,Pending,Incomplete,,Mar,2023,YouTube Ad,desktop
ENR1165,Ashok Bose,40,M,Vishakhapatnam,SEO & SEM Masterclass,Digital marketing,INR 4999,Pending,Incomplete,CORP50,Oct,2024,Friend Referral,mobile
ENR1537,Prakash Patel,28,M, Surat,Google Cloud Essentials,CLOUD COMPUTING,₹10999,Failed,Incomplete,SUMMER25,Feb,2024,LinkedIn Post,Desktop
ENR1167,SOWMYA BAJPAI,33,,RANCHI,Ethical Hacking Bootcamp,Cyber security,₹13999,Pending,Incomplete,NEW20,May,2024,Friend Referral,Tablet
ENR1168,Lokesh Mehta,43,F, Lucknow,Java for Beginners,programming,INR. 4499,Paid,Completed,,Feb,2024,Friend Referral,desktop
ENR1169,Prakash Patel,41,F,Hydrabad,React & Node.js Bootcamp,Web development,₹13999,Failed,Incomplete,WELCOME10,Apr,2024,Facebook Ad,desktop
ENR1170,Priyanka Goswami,41,,PATNA,Statistics for Data Science,Data Science,INR 7999,Failed,Incomplete,WELCOME10,Aug,2023,LinkedIn Post,
ENR1171,Varun Patel,44,M,CHANDIGARH,Data Engineering with Python,DataScience,₹13499,Paid,Incomplete,STUDENT15,Oct,2023,Google Search,Mobile
ENR1172,Karan Desai,20,male,bhopal,Content Marketing Strategy,digital marketing,Rs 3499,Failed,Incomplete,NEW20,Dec,2024,YouTube Ad,
ENR1173,Vijaya Reddy,39,M,jaipuur,Statistics for Data Science,Data Science,Rs.7999,Paid,Completed,STUDENT15,Oct,2023,Instagram Ad,Desktop
ENR1174,Sameer Subramaniam,31,M,pune,Time Series Forecasting,MACHINE LEARNING,Rs 10999,Paid,Completed,,Dec,2023,WhatsApp Group,desktop
ENR1175,Shalini Murthy,37,Male,Jaipuur,Cyber Security Fundamentals,cyber security,₹9999,Failed,Incomplete,REFER10,Nov,2023,YouTube Ad,Tablet
ENR1176,Girish Goswami,20,M,Mumabi,Deep Learning Essentials,MACHINE LEARNING,Rs 18499,Paid,Completed,,Nov,2024,YouTube Ad,
ENR1177,Smita Kulkarni,43,FEMALE,Pune,Time Series Forecasting,Machine Learning,₹10999,Pending,Incomplete,WELCOME10,Dec,2023,YouTube Ad,desktop
ENR1178,Harish Reddy,29,male, Hyderabad,Network Security Essentials,cyber security,Rs 8499,Pending,Incomplete,,Jan,2024,Google Search,Desktop 
ENR1389,Pooja Bhatt,26,MALE,ahmedabad,Business Intelligence Reporting,business analytics,Rs 6999,Paid,Completed,,Oct,2023,Email Campaign,Desktop 
ENR1180,Rohit Das,26,Female,hydrabad,Business Intelligence Reporting,Data science,Rs.6999,Pending,Incomplete,FESTIVE30,Aug,2024,Google Search,Tablet
ENR1181,KRISHNA HEGDE,42,female,Gurgaon,Excel for Business,business analytics,Rs 2999,Failed,Incomplete,EARLYBIRD,Mar,2024,YouTube Ad,Desktop
ENR1182,Sameer Kamath,33,FEMALE,coimbatore,Digital Marketing Pro,Digital marketing,Rs.5999,Paid,Completed,FESTIVE30,Oct,2024,College Partnership,
ENR1183,Asha Tiwari,41,F, Indore,SQL Masterclass,Programing,INR 4999,Failed,Incomplete,NEW20,Jun,2023,YouTube Ad,Desktop
ENR1184,Ashok Gupta,45,female,Ranchi,Full Stack Web Development,Web development,₹14999,Paid,Incomplete,EARLYBIRD,Nov,2023,LinkedIn Post,Tablet
ENR1185,Priya More,30,Male,Noida,Social Media Marketing,Digital marketing,INR. 3999,Failed,Incomplete,FESTIVE30,Feb,2024,Instagram Ad,Tablet
ENR1186,Kavya Krishnan,37,,Vizag,Deep Learning Essentials,Artificial Intelligence,₹18499,Failed,Incomplete,CORP50,Sep,2024,Google Search,
ENR1187,Vijaya Kapoor,18,male,Nagpuur,Deep Learning Essentials,Artificial Intelligence,Rs 18499,Pending,Incomplete,,Jul,2024,College Partnership,MOBILE
ENR1188,Priya Kulkarni,36,Female, Noida,Cyber Security Fundamentals,Cybersecurity,INR. 9999,Pending,Incomplete,EARLYBIRD,Jul,2023,Google Search,desktop
ENR1189,Priya Chaudhary,32,M,vadodara,Statistics for Data Science, Data Science,INR 7999,Failed,Incomplete,ALUMNI20,Oct,2024,Instagram Ad,desktop
ENR1190,Divya Tiwari,21,FEMALE, Indore,Python for Data Science,DATA SCIENCE,INR. 8999,Pending,Incomplete,FESTIVE30,Sep,2023,Google Search,MOBILE
ENR1191,Kavitha Rajan,23,male,Pune ,Cyber Security Fundamentals,Cyber security,9999,Failed,Incomplete,REFER10,Sep,2023,Instagram Ad,mobile
ENR1192,Aditya More,41,Female,New Delhi,React & Node.js Bootcamp,Web development,Rs.13999,Paid,Incomplete,STUDENT15,Dec,2024,Email Campaign,MOBILE
ENR1193,Revathi Subramaniam,43,F,Dilli,Business Intelligence Reporting,DataScience,Rs 6999,Pending,Incomplete,REFER10,May,2023,Facebook Ad,MOBILE
ENR1194,Shweta Rao,42,female,Lucknow,Business Intelligence Reporting,Busniess Analytics,INR. 6999,Pending,Incomplete,ALUMNI20,Oct,2023,Instagram Ad,Desktop 
ENR1195,Pranav Kamath,28,F, Coimbatore,Python for Data Science,data science,Rs 8999,Failed,Incomplete,SUMMER25,Dec,2024,WhatsApp Group,Desktop
ENR1196,Sunita Kamath,32,Male,COIMBATORE,Excel for Business,Business Analytics,INR 2999,Paid,Completed,ALUMNI20,Oct,2023,WhatsApp Group,Tablet
ENR1197,Mythili Malhotra,30,,Lucknow,Social Media Marketing,Digital Marketing,Rs. 3999,Failed,Incomplete,STUDENT15,Apr,2024,Google Search,
ENR1198,Chitra Chopra,25,M,Bhubaneswar,Time Series Forecasting,ML,10999,Paid,Incomplete,,Mar,2024,Google Search,Desktop 
ENR1199, Preeti Gupta,21,F,hyderabad,Data Engineering with Python,data Science,INR 13499,Failed,Incomplete,FLASHSALE,Oct,2024,Instagram Ad,MOBILE
ENR1200,Varun Chaudhary,20,FEMALE,mysore,Ethical Hacking Bootcamp,cyber security,Rs.13999,Paid,Incomplete,FLASHSALE,Nov,2024,Google Search,Desktop
ENR1201,Shalini Kapoor ,27,male,indore,Business Intelligence Reporting,Business analytics,INR 6999,Paid,Completed,ALUMNI20,Jan,2023,YouTube Ad,Tablet
ENR1202,Vikram Subramaniam,35,MALE,hyderabad,Data Engineering with Python, Data Science,INR 13499,Pending,Incomplete,ALUMNI20,Nov,2024,LinkedIn Post,mobile
ENR1451,Sowmya Shukla,41,F,Luckhnow,Multi-Cloud Architecture,cloud compuing,Rs 17499,Paid,Incomplete,,Sep,2023,Walk-in,Desktop 
ENR1204,Pavan Gupta,,M,Chennai ,Data Engineering with Python,DATA SCIENCE,Rs 13499,Paid,Incomplete,ALUMNI20,Jul,2024,WhatsApp Group,
ENR1205,Sunil Kamath,37,MALE,Kolkata,SEO & SEM Masterclass,digital marketing,Rs. 4999,Paid,Incomplete,STUDENT15,Mar,2023,College Partnership,Tablet
ENR1206, Amit Murthy,36,M, mumbai,Google Cloud Essentials,cloud computing,₹10999,Paid,Completed,STUDENT15,Aug,2024,Instagram Ad,Desktop 
ENR1207,Sameer Sharma,42,FEMALE,LUCKNOW,Advanced Excel Dashboarding,programming,Rs. 3499,Pending,Incomplete,WELCOME10,May,2023,LinkedIn Post,Tablet
ENR1208,Asha Sharma,23,male,  Chennai,Python Programming Basics,Programming,₹3999,Paid,Completed,,Nov,2023,Friend Referral,Tablet
ENR1209,Rajesh Kumar,32,,kochi,ML with Scikit-Learn,machine learning,₹9499,Paid,Completed,SUMMER25,Jan,2024,Facebook Ad,MOBILE
ENR1210,Neha Malhotra,18,MALE,baroda,DevOps Foundations,Dev Ops,₹10499,Pending,Incomplete,,Aug,2023,LinkedIn Post,mobile
ENR1211,Archana Swamy,41,Male, Patna,Ethical Hacking Bootcamp,Cyber Security,Rs 13999,Paid,Incomplete,,Dec,2023,Google Search,Mobile
ENR1212,Manjula Trivedi,29,male,indore,AWS Cloud Practitioner,Cloud computing,₹12999,Failed,Incomplete,,Nov,2024,Email Campaign,Mobile
ENR1213,manjula das,,F,Mysuru,Full Stack Web Development,Web Development,Rs.14999,Pending,Incomplete,CORP50,Jan,2024,Email Campaign,Tablet
ENR1453,Srinivas Swamy,41,Female, mumbai,Cyber Security Fundamentals,Cyber Security,Rs. 9999,Paid,Completed,,Nov,2023,Instagram Ad,Tablet
ENR1215,Swati Rao,37,male,Indor,Linux for DevOps,devops,6999,Failed,Incomplete,WELCOME10,Oct,2023,Google Search,Mobile
ENR1216,Manoj Swamy,43,F, Coimbatore,Tableau for Analysts,Business analytics,Rs. 6499,Paid,Completed,,Nov,2024,Walk-in,Tablet
ENR1217,Asha Shinde,45,male, Jaipur,AWS Cloud Practitioner,Cloud computing,Rs. 12999,Paid,Completed,,Sep,2023,Google Search,Mobile
ENR1218,Rina Menon,27,Male, Kolkata,Docker & Kubernetes,Devops,₹12499,Paid,Completed,NEW20,Oct,2024,Friend Referral,Tablet
ENR1219,Satish Pandey,31,FEMALE,Noida ,Linux for DevOps,DevOPS,Rs. 6999,Pending,Incomplete,NEW20,Nov,2023,LinkedIn Post,Desktop 
ENR1220,Saritha Joshi,33,F,Hyderabad,Django for Beginners,WEB DEVELOPMENT,INR 7999,Paid,Incomplete,,Mar,2023,Email Campaign,desktop
ENR1221,Aarav Venkatesh,33,M,LUCKNOW,NLP with Python,artificial intelligence,Rs. 15999,Failed,Incomplete,WELCOME10,Jun,2024,LinkedIn Post,Desktop 
ENR1222,Gaurav Srivastava,24,MALE,Vadodara,Content Marketing Strategy,digital marketing,INR 3499,Paid,Completed,,Mar,2023,Friend Referral,mobile
ENR1223,Rekha Tiwari,23,,KOLKATA,SQL Masterclass,Programming ,₹4999,Failed,Incomplete,STUDENT15,Oct,2024,Google Search,Desktop 
ENR1224,Neha Srivastava,23,male,AHMEDABAD,Ethical Hacking Bootcamp,CYBER SECURITY,INR 13999,Paid,Completed,SUMMER25,Sep,2023,Email Campaign,mobile
ENR1225,Naresh Mishra,28,M,BHOPAL,Content Marketing Strategy,digital marketing,₹3499,Paid,Completed,,Feb,2023,LinkedIn Post,MOBILE
ENR1226,,43,,CHANDIGARH,Docker & Kubernetes,Dev Ops,12499,Pending,Incomplete,CORP50,Jun,2024,Google Search,
ENR1227,Bhavna Chauhan,38,Male,Vishakhapatnam,Advanced Excel Dashboarding,Programming ,3499,Failed,Incomplete,REFER10,May,2023,Email Campaign,Mobile
ENR1228,Priya Iyer,20,MALE, Kolkata,Power BI Analytics,Business Analytics,7499,Pending,Incomplete,,Jul,2023,Google Search,desktop
ENR1229,Varun Shinde,39,FEMALE,indore,ML with Scikit-Learn,Machine Learning,INR 9499,Pending,Incomplete,,Apr,2023,Email Campaign,Desktop
ENR1230,Rina Jain,28,Female,Nagpur,Cyber Security Fundamentals,Cybersecurity,Rs 9999,Paid,Completed,,Feb,2024,YouTube Ad,desktop
ENR1231,,30,Female, Delhi,UI/UX Design Essentials,Web development,₹8999,Paid,Incomplete,,Jun,2023,YouTube Ad,MOBILE
ENR1232,Prasad Shinde,27,Female, Ranchi,Django for Beginners,Web Dev,Rs. 7999,Failed,Incomplete,FESTIVE30,Apr,2024,Google Search,desktop
ENR1233,Satish Kulkarni ,33,F, Gurgaon,Full Stack Web Development,WEB DEVELOPMENT,Rs. 14999,Paid,Incomplete,,Mar,2023,Google Search,Tablet
ENR1234,Sneha Patil,44,Female,AHMEDABAD,React & Node.js Bootcamp,Web development,Rs 13999,Paid,Completed,FLASHSALE,Oct,2024,LinkedIn Post,desktop
ENR1235,Riya Tiwari,42,Male,Calcutta,Python for Data Science,data Science,Rs. 8999,Paid,Completed,FLASHSALE,Mar,2023,Email Campaign,MOBILE
ENR1236,Siddharth Rao,42,female,Chandigarh,Machine Learning Bootcamp,machine learning,16999,Paid,Completed,,Jun,2024,Walk-in,
ENR1237,Juhi Parikh,37,female,ranchi,AWS Cloud Practitioner,cloud compuing,Rs. 12999,Failed,Incomplete,,Sep,2023,College Partnership,Desktop
ENR1238,,25,female,Baroda,Python for Data Science,DATA SCIENCE,Rs 8999,Paid,Completed,CORP50,Oct,2024,Google Search,mobile
ENR1239,Varun Kulkarni,31,M,HYDERABAD,Advanced Excel Dashboarding,PROGRAMMING,Rs. 3499,Paid,Completed,CORP50,Aug,2024,WhatsApp Group,Mobile
ENR1240,Vikram Venkatesh,22,male,ranchi,UI/UX Design Essentials,web development,₹8999,Paid,Completed,,Feb,2023,Google Search,
ENR1241,Indira Bose,26,Male,hydrabad,NLP with Python,Artificial intelligence,Rs 15999,Paid,Incomplete,REFER10,Mar,2023,YouTube Ad,mobile
ENR1242,Ramesh Murthy,22,male,Chandigarh,Business Intelligence Reporting,Business Analytics,Rs.6999,Pending,Incomplete,CORP50,Aug,2023,College Partnership,desktop
ENR1243,Rina Singh,38,MALE,gurgaon,Linux for DevOps,DevOPS,₹6999,Pending,Incomplete,,Sep,2024,YouTube Ad,Mobile
ENR1244,Chitra Jadhav,40,MALE,Heyderabad,Advanced Excel Dashboarding,Programing,Rs. 3499,Failed,Incomplete,SUMMER25,Sep,2024,Email Campaign,MOBILE
ENR1245,Pallavi Rao,39,,Bengaluru,Power BI Analytics,Business analytics,INR 7499,Paid,Incomplete,CORP50,Dec,2024,Google Search,
ENR1246,Tanvi More,43,Male, Nagpur,ML with Scikit-Learn,MACHINE LEARNING,INR 9499,Pending,Incomplete,,Oct,2024,LinkedIn Post,desktop
ENR1247,abhishek krishnan,44,Female,cochin,UI/UX Design Essentials,web dev,INR. 8999,Paid,Completed,WELCOME10,Oct,2024,Facebook Ad,desktop
ENR1248,Ajay Patil,31,F,LUCKNOW,Advanced Excel Dashboarding,programming,INR. 3499,Paid,Completed,,Nov,2024,Facebook Ad,Desktop 
ENR1249,Ramesh Mishra,37,Male,Indor,Python Programming Basics,programing,Rs. 3999,Pending,Incomplete,EARLYBIRD,Dec,2024,Google Search,
ENR1250,Vikram Iyer,25,M,Patna,DevOps Foundations,devops,INR. 10499,Paid,Completed,FESTIVE30,Mar,2024,Instagram Ad,Desktop 
ENR1251,Prakash Natarajan,42,M,Channai,ML with Scikit-Learn,MACHINE LEARNING,Rs. 9499,Paid,Completed,CORP50,Mar,2024,Friend Referral,Mobile
ENR1252,Vikram Natarajan,42,MALE,Vishakhapatnam,NLP with Python,artificial intelligence,15999,Paid,Incomplete,,Jan,2024,YouTube Ad,Desktop
ENR1253,Manjula Verma,31,MALE, Delhi,Time Series Forecasting,Machine learning,INR. 10999,Failed,Incomplete,WELCOME10,May,2023,LinkedIn Post,MOBILE
ENR1254,Pranav Verma,25,female,Visakhapatnam,Machine Learning Bootcamp,MACHINE LEARNING,Rs.16999,Paid,Incomplete,,Nov,2023,Google Search,Desktop
ENR1255,Ravi Murthy,31,MALE,jaipuur,Advanced Excel Dashboarding,programming,Rs. 3499,Paid,Completed,,Apr,2024,Friend Referral,Tablet
ENR1256,Aarav More,24,FEMALE,Mysuru,Docker & Kubernetes,Devops,Rs. 12499,Pending,Incomplete,CORP50,Oct,2023,Friend Referral,Tablet
ENR1257,Deepa Patel,39,Male,Channai,CI/CD Pipeline Mastery,Dev Ops,INR 11999,Pending,Incomplete,,Mar,2023,Instagram Ad,Desktop
ENR1258, Karan Kapoor,44,M,Dilli,NLP with Python,Artifical Intelligence,15999,Paid,Incomplete,WELCOME10,Jan,2024,Google Search,Desktop 
ENR1259,Gaurav Natarajan,44,Female,vadodara,Docker & Kubernetes,DEVOPS,Rs 12499,Failed,Incomplete,CORP50,Jan,2024,YouTube Ad,Desktop 
ENR1260,Priyanka Solanki,,male, Chennai,Cyber Security Fundamentals,Cyber security,INR 9999,Paid,Incomplete,REFER10,Feb,2024,Google Search,desktop
ENR1261,,26,F,Chandigarh,Python Programming Basics,Programing,Rs 3999,Paid,Completed,FESTIVE30,Sep,2023,WhatsApp Group,Tablet
ENR1262,ADITYA BOSE,42,FEMALE,NAGPUR,Advanced Excel Dashboarding,PROGRAMMING,Rs 3499,Paid,Completed,CORP50,Apr,2023,College Partnership,Desktop
ENR1361,Vivek Bhosale,45,M,Coimbtor,Full Stack Web Development,web dev,₹14999,Failed,Incomplete,ALUMNI20,May,2023,Google Search,Tablet
ENR1264,Lokesh Solanki,38,F,Gurugram,Tableau for Analysts,Business Analytics,6499,Failed,Incomplete,ALUMNI20,May,2023,LinkedIn Post,MOBILE
ENR1265,Asha Natarajan,34,,MYSORE,Cyber Security Fundamentals,CYBER SECURITY,₹9999,Failed,Incomplete,SUMMER25,Feb,2023,YouTube Ad,mobile
ENR1266,BHAVNA THAKUR,43,Female,VIZAG,Excel for Business,business analytics,INR 2999,Failed,Incomplete,,Dec,2024,YouTube Ad,Desktop
ENR1267,Naresh Parikh,24,F,Heyderabad,ML with Scikit-Learn,Machne Learning,Rs.9499,Failed,Incomplete,,Nov,2024,LinkedIn Post,mobile
ENR1400,Vinod Gowda,34,Female,Visakhapatnam,AI for Business Leaders,AI,Rs. 11999,Pending,Incomplete,,Oct,2024,Facebook Ad,desktop
ENR1269,hemlata kulkarni,29,FEMALE,CHANDIGARH,Ethical Hacking Bootcamp,CYBER SECURITY,Rs. 13999,Paid,Incomplete,,Aug,2023,Google Search,
ENR1270,Tarun Patel,44,FEMALE,Mumbai,Linux for DevOps,Dev Ops,6999,Paid,Completed,CORP50,Dec,2023,YouTube Ad,mobile
ENR1271,Archana Verma,22,Male,BANGALORE,Digital Marketing Pro,Digitall Marketing,Rs.5999,Paid,Completed,,Mar,2023,WhatsApp Group,mobile
ENR1272,Geeta Venkatesh,45,male,BHOPAL,Network Security Essentials,CYBER SECURITY,₹8499,Paid,Completed,WELCOME10,Nov,2024,College Partnership,MOBILE
ENR1273,Mythili Gowda,21,M,New Delhi,ML with Scikit-Learn,ML,INR 9499,Failed,Incomplete,,Nov,2023,College Partnership,Tablet
ENR1274,Juhi Bhat,20,M,kolkatta,Ethical Hacking Bootcamp,cyber security,Rs 13999,Pending,Incomplete,SUMMER25,Dec,2024,YouTube Ad,Desktop
ENR1275,Shalini Singh,19,male,Ahemdabad,Django for Beginners,Web Dev,Rs.7999,Failed,Incomplete,EARLYBIRD,Jun,2024,Facebook Ad,Desktop 
ENR1396,,18,MALE,bhubaneswar,ML with Scikit-Learn,Machne Learning,INR. 9499,Failed,Incomplete,,Aug,2024,Facebook Ad,Desktop
ENR1277,Ravi Menon,28,M, Mumbai,Power BI Analytics,BUSINESS ANALYTICS,INR. 7499,Paid,Completed,WELCOME10,May,2023,LinkedIn Post,Tablet
ENR1278,Asha Desai,33,M,LUCKNOW,Advanced Excel Dashboarding,programing,INR 3499,Failed,Incomplete,,Jul,2024,Friend Referral,Tablet
ENR1279,Manoj Verma,38,M,KOLKATA,Django for Beginners,Web development,Rs 7999,Failed,Incomplete,,Jun,2024,YouTube Ad,mobile
ENR1486,Preeti Gowda,23,Female,Chandigarh,Digital Marketing Pro,Digital marketing,Rs.5999,Paid,Completed,WELCOME10,May,2023,Friend Referral,
ENR1281,Sunita Verma,40,Male, Noida,Google Cloud Essentials,CLOUD COMPUTING,Rs 10999,Paid,Completed,WELCOME10,Apr,2023,Friend Referral,Tablet
ENR1282,Ananya Singh,33,Male,Chennai,ML with Scikit-Learn,Machne Learning,₹9499,Failed,Incomplete,FESTIVE30,Aug,2023,WhatsApp Group,Desktop
ENR1283,Ramesh More,28,Female,patna,NLP with Python,Artificial intelligence,Rs 15999,Paid,Completed,,Jul,2024,Facebook Ad,Desktop
ENR1284,karthik chopra,20,M,baroda,Linux for DevOps,DevOPS,Rs 6999,Paid,Completed,FESTIVE30,Aug,2024,College Partnership,Mobile
ENR1285,Mahesh Kamath,35,M,hydrabad,Cyber Security Fundamentals,Cybersecurity,Rs.9999,Paid,Completed,SUMMER25,Sep,2023,College Partnership,Mobile
ENR1286,Mahesh Chopra,25,female,Banglore,CI/CD Pipeline Mastery,Devops,INR. 11999,Paid,Completed,SUMMER25,Aug,2023,Instagram Ad,desktop
ENR1287,Rahul Patel,24,Male,cochin,Power BI Analytics,Business Analytics,₹7499,Paid,Completed,,Jul,2023,LinkedIn Post,Desktop 
ENR1288,Divya Bhosale,27,F,RANCHI,Content Marketing Strategy,Digitall Marketing,3499,Paid,Completed,,Jun,2023,YouTube Ad,Mobile
ENR1289,Lokesh Kumar,40,,Surt,DevOps Foundations,Devops,Rs 10499,Paid,Completed,NEW20,Dec,2024,LinkedIn Post,MOBILE
ENR1290,Monika Trivedi,39,Female,Puna,Social Media Marketing,digital marketing,INR 3999,Failed,Incomplete,REFER10,Mar,2024,Facebook Ad,MOBILE
ENR1291,Kavitha Parikh,20,female,Surat,Java for Beginners,PROGRAMMING,Rs.4499,Paid,Incomplete,STUDENT15,Nov,2024,LinkedIn Post,Desktop
ENR1292,Bhaskar Krishnan,43,Female,Vishakhapatnam,SEO & SEM Masterclass,Digitall Marketing,Rs 4999,Failed,Incomplete,,Aug,2024,WhatsApp Group,Desktop 
ENR1293,Neha Desai,21,F,Kochi,NLP with Python,Artifical Intelligence,INR 15999,Failed,Incomplete,FLASHSALE,May,2024,Friend Referral,Desktop
ENR1429,,21,M,Kolkatta,Cyber Security Fundamentals,cyber security,INR 9999,Pending,Incomplete,CORP50,Jun,2024,Email Campaign,MOBILE
ENR1295, Kavitha Bhosale,32,female,Bhopl,Social Media Marketing,Digital marketing,3999,Paid,Completed,,Sep,2024,Google Search,MOBILE
ENR1296,,,M,Mysuru,Statistics for Data Science, Data Science,INR. 7999,Paid,Completed,FESTIVE30,Jun,2023,Google Search,mobile
ENR1297,Lakshmi Chaudhary,43,MALE,Chandigarh,Business Intelligence Reporting,Busniess Analytics,6999,Paid,Completed,,Nov,2024,Google Search,mobile
ENR1298,radha menon,19,FEMALE,mysore,Docker & Kubernetes,Devops,INR. 12499,Paid,Incomplete,,Feb,2024,Instagram Ad,desktop
ENR1299,Ankita Srivastava,45,FEMALE,Mysuru,Content Marketing Strategy,Digital Marketing,INR. 3499,Paid,Completed,,Jan,2023,Google Search,desktop
ENR1300,Ankit Saxena,37,Female,Pune ,Power BI Analytics,Business Analytics,7499,Paid,Completed,REFER10,Feb,2023,Google Search,mobile
ENR1301,Revathi Dubey,36,M,patna,Linux for DevOps,DevOps,INR 6999,Pending,Incomplete,,Oct,2023,Instagram Ad,
ENR1302,,21,female,mysuru,Docker & Kubernetes,Devops,Rs.12499,Failed,Incomplete,REFER10,Oct,2024,Google Search,Mobile
ENR1303,,23,,Lucknow,Advanced Excel Dashboarding,Programing,INR. 3499,Failed,Incomplete,,Jun,2024,Email Campaign,Desktop
ENR1304,Vikram Patel,32,Male,kolkatta,Java for Beginners,Programming,₹4499,Paid,Completed,,Jun,2023,College Partnership,Mobile
ENR1325,Leela Kulkarni,,female,Bengaluru,AI for Business Leaders,artificial Intelligence,Rs. 11999,Failed,Incomplete,,Sep,2023,Google Search,Desktop 
ENR1306, Abhishek Das,20,Female,ranchi,Google Cloud Essentials,CLOUD COMPUTING,Rs. 10999,Failed,Incomplete,SUMMER25,Jan,2024,Email Campaign,
ENR1307,Preeti Hegde,35,Female,Patna,CI/CD Pipeline Mastery,Dev Ops,₹11999,Failed,Incomplete,,Apr,2023,LinkedIn Post,desktop
ENR1308,Vishal Krishnan,20,MALE,Bhuvaneshwar,Excel for Business,Busniess Analytics,INR. 2999,Paid,Completed,,Apr,2024,Friend Referral,Mobile
ENR1309,Sandeep Goswami,39,FEMALE,Chenni,Social Media Marketing,digital marketing,Rs.3999,Paid,Completed,,Nov,2023,Email Campaign,
ENR1310,Sarika Agarwal,41,male,Bhopl,SEO & SEM Masterclass,Digitall Marketing,Rs.4999,Paid,Completed,,Nov,2024,Google Search,MOBILE
ENR1311,,19,male,Gurgoan,Deep Learning Essentials,artificial intelligence,Rs.18499,Paid,Completed,,Oct,2024,Instagram Ad,Tablet
ENR1312,Kunal Thakur,39,,INDORE,Django for Beginners,Web Development,Rs 7999,Failed,Incomplete,REFER10,Sep,2023,Walk-in,mobile
ENR1313,Kavitha Subramaniam,45,F,Bhuvaneshwar,ML with Scikit-Learn,Machine Learning,Rs 9499,Paid,Completed,,Sep,2024,Facebook Ad,MOBILE
ENR1314,Usha Mane,18,female,Puna,Content Marketing Strategy,Digital marketing,Rs. 3499,Paid,Incomplete,,Oct,2024,College Partnership,Desktop
ENR1315,Ananya Gowda,20,FEMALE,jaipuur,Ethical Hacking Bootcamp,CYBER SECURITY,13999,Failed,Incomplete,,Oct,2023,Google Search,Mobile
ENR1316,Priya Tiwari,42,Female, Bhopal,Advanced Excel Dashboarding,programing,Rs. 3499,Paid,Completed,WELCOME10,Jun,2024,Instagram Ad,Tablet
ENR1317,Swati Nair,41,MALE,Luckhnow,Docker & Kubernetes,devops,INR. 12499,Paid,Incomplete,,Aug,2023,Friend Referral,Desktop 
ENR1318,,20,FEMALE,Mysore,Python for Data Science,Data science,8999,Paid,Incomplete,,Mar,2023,YouTube Ad,
ENR1319,RAMESH TIWARI,32,female,RANCHI,SEO & SEM Masterclass,Digital marketing,Rs 4999,Failed,Incomplete,REFER10,Sep,2023,Email Campaign,Mobile
ENR1320,Suresh Solanki,31,F,LUCKNOW,Content Marketing Strategy,digital Markting,Rs.3499,Paid,Completed,REFER10,Aug,2024,LinkedIn Post,desktop
ENR1321,,24,FEMALE,Bhubneswar,Time Series Forecasting,machine learning,Rs 10999,Pending,Incomplete,FESTIVE30,Aug,2024,YouTube Ad,mobile
ENR1322,GEETA JADHAV,43,male,Bangalore,Business Intelligence Reporting,BUSINESS ANALYTICS,Rs 6999,Failed,Incomplete,,Dec,2023,WhatsApp Group,
ENR1323,Rajeev Pandey,35,Female,Chandighar,Cyber Security Fundamentals,Cybersecurity,INR 9999,Paid,Incomplete,SUMMER25,Nov,2023,Instagram Ad,Desktop
ENR1324,Rajesh Subramaniam,36,FEMALE,Mumbai,Time Series Forecasting,Machine Learning,INR. 10999,Failed,Incomplete,FESTIVE30,Jun,2024,Friend Referral,desktop
ENR1325,Leela Kulkarni,,female,Bengaluru,AI for Business Leaders,artificial Intelligence,Rs. 11999,Failed,Incomplete,,Sep,2023,Google Search,Desktop 
ENR1326,Shobha Deshpande,44,female,Nagpur,AI for Business Leaders,Artificial Intelligence,INR. 11999,Paid,Completed,EARLYBIRD,May,2023,Google Search,desktop
ENR1327,Mahesh Malhotra,34,female,ahemdabad,Advanced Excel Dashboarding,Programming,3499,Paid,Completed,EARLYBIRD,Sep,2023,Google Search,Mobile
ENR1328,Priya Srivastava,31,FEMALE, Indore,Deep Learning Essentials,ML,₹18499,Failed,Incomplete,ALUMNI20,Dec,2023,YouTube Ad,Desktop 
ENR1329,Archana Chauhan,40,F, Indore,Cyber Security Fundamentals,CyberSecurity,Rs. 9999,Failed,Incomplete,,May,2024,Google Search,Mobile
ENR1330,,22,MALE,Chennai ,Deep Learning Essentials,artificial intelligence,INR 18499,Paid,Incomplete,FESTIVE30,Dec,2023,LinkedIn Post,MOBILE
ENR1331,,29,MALE,vizag,Content Marketing Strategy,Digital Marketing,INR 3499,Paid,Completed,,Oct,2024,Walk-in,desktop
ENR1332,Rekha Bhosale,27,FEMALE,Patna,Python for Data Science,Data Science,INR 8999,Paid,Incomplete,,Sep,2023,LinkedIn Post,mobile
ENR1333,Archana Mehta,39,F,chandigarh,AI for Business Leaders,artificial Intelligence,Rs 11999,Pending,Incomplete,FESTIVE30,Apr,2024,Google Search,Desktop
ENR1334,Rahul Krishnan,30,Male,Kolkata,Django for Beginners,Web development,₹7999,Paid,Completed,,Sep,2024,Email Campaign,desktop
ENR1335,Ashok Patil ,34,Female,Visakhapatnam,Excel for Business,Busniess Analytics,INR. 2999,Paid,Completed,NEW20,Dec,2024,YouTube Ad,mobile
ENR1336,Varun Venkatesh,,Female,MYSORE,Google Cloud Essentials,CLOUD COMPUTING,Rs. 10999,Pending,Incomplete,,Feb,2024,YouTube Ad,mobile
ENR1337,Vikram Swamy,34,Male,chandigarh,Network Security Essentials,CYBER SECURITY,INR. 8499,Failed,Incomplete,FESTIVE30,Dec,2024,Google Search,MOBILE
ENR1338,Komal Desai,34,male, Kochi,AWS Cloud Practitioner,cloud compuing,INR. 12999,Paid,Incomplete,ALUMNI20,Oct,2024,WhatsApp Group,Mobile
ENR1339,Vishal Saxena,39,FEMALE,Cochin,React & Node.js Bootcamp,Web development,Rs. 13999,Paid,Completed,EARLYBIRD,Jun,2024,Friend Referral,MOBILE
ENR1340,Swati Pandey,24,MALE,Ahemdabad,NLP with Python,Artificial Intelligence,Rs 15999,Failed,Incomplete,REFER10,Feb,2024,YouTube Ad,Desktop 
ENR1341,Juhi Das,36,,MYSORE,Django for Beginners,web dev,Rs.7999,Pending,Incomplete,REFER10,Jun,2023,Google Search,Desktop 
ENR1342,Arjun Pillai,40,female,Banglore,React & Node.js Bootcamp,web dev,Rs 13999,Paid,Incomplete,WELCOME10,Jul,2024,Instagram Ad,Tablet
ENR1343,Preeti Menon,39,M,nagpur,Digital Marketing Pro,digital Markting,INR. 5999,Paid,Completed,,Mar,2024,Instagram Ad,Mobile
ENR1344,Rekha Trivedi,19,Female,kochi,Data Engineering with Python,DATA SCIENCE,₹13499,Failed,Incomplete,SUMMER25,Sep,2023,Walk-in,Desktop 
ENR1345,Tarun Menon,19,Female,mumbai,Social Media Marketing,Digital Marketing,Rs 3999,Pending,Incomplete,,May,2023,YouTube Ad,MOBILE
ENR1346,Sachin Joshi,20,FEMALE, Indore,Full Stack Web Development,Web Dev,14999,Failed,Incomplete,FLASHSALE,May,2023,Instagram Ad,MOBILE
ENR1347,Vishal Krishnan,44,male,Bhopl,Docker & Kubernetes,DEVOPS,Rs 12499,Paid,Incomplete,FESTIVE30,May,2024,YouTube Ad,mobile
ENR1348,Usha Deshpande,19,female,Chandighar,Social Media Marketing,digital marketing,Rs.3999,Paid,Completed,,Jul,2023,LinkedIn Post,Desktop 
ENR1390,Preeti Swamy,36,M,Bhopl,CI/CD Pipeline Mastery,DEVOPS,11999,Pending,Incomplete,ALUMNI20,Aug,2023,Instagram Ad,Desktop
ENR1350,Chitra Chopra,26,Female,CHENNAI,NLP with Python,Artifical Intelligence,INR 15999,Failed,Incomplete,FESTIVE30,Mar,2023,LinkedIn Post,mobile
ENR1351,KRISHNA KRISHNAN,,Male, Surat,Linux for DevOps,Devops,6999,Failed,Incomplete,CORP50,Aug,2023,Friend Referral,Tablet
ENR1352,Ananya Mane,,MALE,Ahemdabad,Power BI Analytics,Business analytics,Rs. 7499,Paid,Completed,,Mar,2023,Friend Referral,mobile
ENR1353,Bhagyalaxmi Jadhav,31,male,Ahemdabad,Multi-Cloud Architecture,Cloud Compuuting,17499,Paid,Incomplete,FESTIVE30,Apr,2024,Facebook Ad,Tablet
ENR1354,Ravi Srivastava,43,Female,Mysore,Power BI Analytics,BUSINESS ANALYTICS,₹7499,Paid,Completed,,Aug,2023,Facebook Ad,Desktop 
ENR1355,Ravi Krishnan,39,F,BANGALORE,Multi-Cloud Architecture,cloud compuing,Rs.17499,Paid,Incomplete,,Dec,2023,Facebook Ad,mobile
ENR1356,Padma Shah,35,MALE,delhi,Python for Data Science,DataScience,Rs.8999,Failed,Incomplete,,Jul,2023,Google Search,mobile
ENR1357,Mahesh Verma,24,MALE,MYSORE,SQL Masterclass,Programming ,INR. 4999,Paid,Incomplete,SUMMER25,Sep,2024,Google Search,Desktop
ENR1358,Abhishek More,43,M,gurugram,AI for Business Leaders,Artificial intelligence,Rs.11999,Paid,Incomplete,EARLYBIRD,Oct,2023,Google Search,MOBILE
ENR1359,Preeti Murthy,36,female,Kolkata,Ethical Hacking Bootcamp,Cybersecurity,INR 13999,Paid,Incomplete,WELCOME10,Feb,2024,Instagram Ad,Tablet
ENR1360,ankita thakur,36,male,Vishakhapatnam,Azure Fundamentals,cloud computing,₹11499,Paid,Incomplete,,Dec,2024,,Tablet
ENR1361,Vivek Bhosale,45,M,Coimbtor,Full Stack Web Development,web dev,₹14999,Failed,Incomplete,ALUMNI20,May,2023,Google Search,Tablet
ENR1362,Riya Swamy,20,MALE,MUMBAI,Power BI Analytics,Business Analytics,Rs. 7499,Paid,Completed,FESTIVE30,Jun,2024,Email Campaign,
ENR1363,Bhavna Rao,29,MALE,Dilli,NLP with Python,artificial Intelligence,Rs 15999,Paid,Incomplete,WELCOME10,Dec,2024,Google Search,mobile
ENR1364,Bhaskar Saxena,25,M,Visakhapatnam,React & Node.js Bootcamp,Web Development,INR 13999,Failed,Incomplete,FESTIVE30,May,2024,YouTube Ad,Tablet
ENR1405,,36,MALE,CHENNAI,Linux for DevOps,DEVOPS,INR. 6999,Failed,Incomplete,,Feb,2024,Facebook Ad,
ENR1366,Leela Chauhan,31,female,INDORE,Content Marketing Strategy,Digitall Marketing,Rs 3499,Failed,Incomplete,,Sep,2024,Facebook Ad,desktop
ENR1367,Prasad Shinde,34,Female,baroda,Network Security Essentials,cyber security,INR. 8499,Pending,Incomplete,,Aug,2023,Facebook Ad,Mobile
ENR1539,,37,Female,patna,Google Cloud Essentials,cloud compuing,INR 10999,Paid,Incomplete,,Jun,2023,Google Search,desktop
ENR1369,Sneha Chopra,22,FEMALE, Nagpur,Deep Learning Essentials,Artificial Intelligence,Rs 18499,Failed,Incomplete,,Nov,2023,Google Search,Desktop 
ENR1370,Pooja Trivedi,35,,PATNA,SQL Masterclass,programming,Rs.4999,Failed,Incomplete,ALUMNI20,Sep,2024,Instagram Ad,desktop
ENR1371,Sandeep Chaudhary,33,MALE,Mysuru,Java for Beginners,PROGRAMMING,Rs 4499,Paid,Completed,STUDENT15,Oct,2024,Instagram Ad,Mobile
ENR1372,Rekha Pillai,21,male,Baroda,Statistics for Data Science,DATA SCIENCE,Rs.7999,Paid,Completed,,Dec,2023,Friend Referral,Tablet
ENR1373,Amit Jadhav,26,M, Patna,Power BI Analytics,Busniess Analytics,INR 7499,Failed,Incomplete,NEW20,May,2023,Google Search,Desktop
ENR1374,Ajay Krishnan,29,,indore,ML with Scikit-Learn,Machine learning,Rs 9499,Failed,Incomplete,CORP50,Sep,2023,College Partnership,Desktop
ENR1375,Karthik Bajpai,44,F,Cochin,SQL Masterclass,Programing,Rs.4999,Paid,Completed,CORP50,May,2024,YouTube Ad,MOBILE
ENR1376,Ganesh Thakur,41,,COIMBATORE,Machine Learning Bootcamp,Machine learning,Rs. 16999,Failed,Incomplete,,Jul,2023,Email Campaign,Mobile
ENR1428,Leela Parikh,23,FEMALE,HYDERABAD,Python Programming Basics,PROGRAMMING,₹3999,Failed,Incomplete,WELCOME10,Sep,2023,Google Search,Mobile
ENR1378,Ankita Trivedi,39,F,PATNA,Full Stack Web Development,web development,14999,Failed,Incomplete,CORP50,Jan,2023,Google Search,mobile
ENR1379,Radha Joshi,35,Male,SURAT,Java for Beginners,Programing,Rs 4499,Pending,Incomplete,,Jul,2024,YouTube Ad,desktop
ENR1380,Bhaskar Singh,42,Male,bhubaneswar,Machine Learning Bootcamp,machine learning,INR 16999,Failed,Incomplete,STUDENT15,May,2023,Instagram Ad,
ENR1381,Suresh Patel,39,FEMALE,Vishakhapatnam,Django for Beginners,WEB DEVELOPMENT,INR 7999,Failed,Incomplete,,Mar,2024,Google Search,Desktop
ENR1443,Prakash Pillai,22,FEMALE,bangaluru,Content Marketing Strategy,DIGITAL MARKETING,₹3499,Paid,Completed,,Oct,2024,Facebook Ad,Tablet
ENR1383,Suresh Mane,18,male,Pune ,Docker & Kubernetes,DevOPS,Rs 12499,Failed,Incomplete,FLASHSALE,Sep,2024,Google Search,Tablet
ENR1384,Geeta Bajpai,20,Male,VADODARA,Deep Learning Essentials,MACHINE LEARNING,Rs. 18499,Failed,Incomplete,WELCOME10,Feb,2024,College Partnership,Mobile
ENR1385,,18,M, Delhi,Network Security Essentials,Cyber security,Rs.8499,Paid,Completed,,Sep,2023,LinkedIn Post,desktop
ENR1386,Swati Reddy,31,F,Surt,DevOps Foundations,devops,INR. 10499,Pending,Incomplete,CORP50,Apr,2023,Google Search,Desktop
ENR1387,Sowmya Natarajan,35,FEMALE,patna,Advanced Excel Dashboarding,PROGRAMMING,Rs. 3499,Paid,Completed,WELCOME10,Jun,2023,College Partnership,desktop
ENR1388,Kunal Agarwal,28,Female,Ahemdabad,Social Media Marketing,Digital marketing,INR 3999,Paid,Completed,SUMMER25,Nov,2024,WhatsApp Group,Desktop
ENR1389,Pooja Bhatt,26,MALE,ahmedabad,Business Intelligence Reporting,business analytics,Rs 6999,Paid,Completed,,Oct,2023,Email Campaign,Desktop 
ENR1390,Preeti Swamy,36,M,Bhopl,CI/CD Pipeline Mastery,DEVOPS,11999,Pending,Incomplete,ALUMNI20,Aug,2023,Instagram Ad,Desktop
ENR1490,Rajesh Subramaniam,41,Female,Chennai,Cyber Security Fundamentals,CyberSecurity,9999,Failed,Incomplete,REFER10,Aug,2024,College Partnership,Tablet
ENR1392,Mythili Venkatesh,,MALE,Cochin,Business Intelligence Reporting,data Science,Rs.6999,Paid,Completed,,Aug,2023,Facebook Ad,
ENR1493,Sneha More,23,FEMALE,kolkatta,CI/CD Pipeline Mastery,DevOPS,Rs. 11999,Paid,Incomplete,WELCOME10,Sep,2023,Facebook Ad,Desktop 
ENR1394,Sowmya Shinde,,MALE,MYSORE,Data Engineering with Python,DataScience,₹13499,Pending,Incomplete,EARLYBIRD,Aug,2023,Facebook Ad,desktop
ENR1395,Alok Goswami,35,, Delhi,Deep Learning Essentials,AI,Rs. 18499,Failed,Incomplete,EARLYBIRD,May,2023,YouTube Ad,Mobile
ENR1396,,18,MALE,bhubaneswar,ML with Scikit-Learn,Machne Learning,INR. 9499,Failed,Incomplete,,Aug,2024,Facebook Ad,Desktop
ENR1397,Pavan Gupta,30,Female,Bhuvaneshwar,NLP with Python,Artifical Intelligence,₹15999,Failed,Incomplete,,Nov,2024,College Partnership,Tablet
ENR1398,Kavitha Das,20,Male, delhi,Social Media Marketing,Digital marketing,3999,Pending,Incomplete,,Jan,2023,,MOBILE
ENR1399,Lokesh Krishnan ,41,FEMALE,Ahemdabad,DevOps Foundations,DevOps,10499,Failed,Incomplete,SUMMER25,Nov,2023,Google Search,mobile
ENR1400,Vinod Gowda,34,Female,Visakhapatnam,AI for Business Leaders,AI,Rs. 11999,Pending,Incomplete,,Oct,2024,Facebook Ad,desktop
ENR1401,Bhaskar Yadav,26,F,Delhi,CI/CD Pipeline Mastery,DevOps,11999,Failed,Incomplete,,May,2023,Facebook Ad,desktop
ENR1402,Shobha Patel,44,Female,Lucknow,Deep Learning Essentials,MACHINE LEARNING,Rs. 18499,Paid,Completed,EARLYBIRD,Jun,2024,WhatsApp Group,mobile
ENR1403,,21,,coimbatore,Python for Data Science, Data Science,8999,Failed,Incomplete,,Jun,2024,LinkedIn Post,Mobile
ENR1404,Aditya Gowda,41,M, mumbai,Deep Learning Essentials,artificial Intelligence,INR. 18499,Pending,Incomplete,,Jun,2023,Friend Referral,Desktop
ENR1405,,36,MALE,CHENNAI,Linux for DevOps,DEVOPS,INR. 6999,Failed,Incomplete,,Feb,2024,Facebook Ad,
ENR1406,Leela Chauhan,,Male,Indore,Data Engineering with Python,DATA SCIENCE,₹13499,Paid,Completed,NEW20,Mar,2023,Facebook Ad,
ENR1407,Prasad Bhosale,20,FEMALE,RANCHI,SEO & SEM Masterclass,digital Markting,INR 4999,Paid,Incomplete,,Nov,2023,Friend Referral,mobile
ENR1408,Preeti Mehta,31,Male,HYDERABAD,Full Stack Web Development,Web Development,Rs 14999,Paid,Completed,FESTIVE30,Dec,2023,College Partnership,MOBILE
ENR1409,Shweta Pillai,38,female,PUNE,CI/CD Pipeline Mastery,devops,Rs. 11999,Failed,Incomplete,,Dec,2023,Google Search,Mobile
ENR1410,Manjula Deshpande,25,male,bhubaneswar,Business Intelligence Reporting,Business Analytics,INR 6999,Paid,Incomplete,EARLYBIRD,Aug,2023,Google Search,Mobile
ENR1411,Vishal Sharma,40,MALE, Patna,Deep Learning Essentials,Artificial Intelligence,INR. 18499,Pending,Incomplete,,Nov,2023,Google Search,mobile
ENR1412, Sunil Srivastava,21,MALE, Bhopal,Deep Learning Essentials,Artificial Intelligence,₹18499,Paid,Completed,,Jul,2024,Facebook Ad,Desktop
ENR1413,Karan Shukla,30,FEMALE,Luckhnow,Python for Data Science,data science,INR 8999,Paid,Incomplete,,Dec,2023,WhatsApp Group,Mobile
ENR1414,Lakshmi Bhatt,25,MALE,Dilli,Google Cloud Essentials,cloud computing,10999,Failed,Incomplete,,Nov,2024,Walk-in,Tablet
ENR1415,Nisha Natarajan,44,,Noida ,Python Programming Basics,Programming ,INR 3999,Paid,Completed,EARLYBIRD,May,2023,LinkedIn Post,
ENR1416,Girish Yadav,,M,Patna,DevOps Foundations,Devops,Rs 10499,Paid,Incomplete,,May,2024,Friend Referral,Desktop 
ENR1417,Karthik Mehta,28,female,Baroda,Digital Marketing Pro,Digitall Marketing,₹5999,Failed,Incomplete,,Jul,2024,Facebook Ad,Desktop
ENR1418,Smita Gupta,31,female,Mumbai ,AI for Business Leaders,Artificial Intelligence,11999,Failed,Incomplete,FLASHSALE,Mar,2023,YouTube Ad,desktop
ENR1419,lokesh thakur,32,M,visakhapatnam,Machine Learning Bootcamp,ML,INR. 16999,Pending,Incomplete,WELCOME10,Mar,2023,Instagram Ad,mobile
ENR1420,Rajesh Reddy,29,FEMALE,nagpur,AWS Cloud Practitioner,Cloud Compuuting,12999,Paid,Completed,,Jun,2023,Friend Referral,Desktop 
ENR1421,Vishal Rajan,32,Female,pune,Advanced Excel Dashboarding,Programming,Rs.3499,Paid,Completed,NEW20,Sep,2024,YouTube Ad,Desktop 
ENR1422,Rajeev Singh,23,Male,bhopal,Python for Data Science,Data science,INR. 8999,Paid,Completed,EARLYBIRD,Aug,2023,LinkedIn Post,mobile
ENR1423,,30,Female,DELHI,Digital Marketing Pro,Digitall Marketing,INR. 5999,Failed,Incomplete,,Nov,2024,Email Campaign,Desktop 
ENR1424,Pallavi Nair,22,female,mysore,Network Security Essentials,Cyber security,₹8499,Paid,Completed,WELCOME10,Oct,2024,Instagram Ad,desktop
ENR1425,Pavan Kulkarni,18,Male,Visakhapatnam,AI for Business Leaders,AI,11999,Pending,Incomplete,CORP50,Nov,2023,Instagram Ad,MOBILE
ENR1426,Shalini Rajan,41,Female,Coimbatore ,AI for Business Leaders,Artifical Intelligence,Rs 11999,Paid,Incomplete,STUDENT15,Sep,2023,Friend Referral,mobile
ENR1427,Manjula Subramaniam ,45,Female, Indore,CI/CD Pipeline Mastery,devops,INR. 11999,Failed,Incomplete,,May,2024,Friend Referral,desktop
ENR1428,Leela Parikh,23,FEMALE,HYDERABAD,Python Programming Basics,PROGRAMMING,₹3999,Failed,Incomplete,WELCOME10,Sep,2023,Google Search,Mobile
ENR1429,,21,M,Kolkatta,Cyber Security Fundamentals,cyber security,INR 9999,Pending,Incomplete,CORP50,Jun,2024,Email Campaign,MOBILE
ENR1430,MYTHILI KULKARNI,,FEMALE,Coimbtor,Ethical Hacking Bootcamp,Cyber Security,13999,Paid,Completed,,Sep,2023,Facebook Ad,Tablet
ENR1431,Rajesh Singh,42,F,MYSORE,Network Security Essentials,CYBER SECURITY,INR 8499,Failed,Incomplete,STUDENT15,May,2023,Facebook Ad,Desktop 
ENR1432,Komal Chauhan,22,male,vadodara,SEO & SEM Masterclass,digital marketing,INR 4999,Failed,Incomplete,,Nov,2023,Friend Referral,Tablet
ENR1433,Varun Kulkarni,29,Female,vizag,Tableau for Analysts,Busniess Analytics,Rs.6499,Pending,Incomplete,ALUMNI20,Sep,2024,WhatsApp Group,desktop
ENR1434,Rina Shukla,30,female,NOIDA,AWS Cloud Practitioner,CLOUD COMPUTING,INR. 12999,Failed,Incomplete,,Feb,2024,Google Search,MOBILE
ENR1435, Smita Kumar,33,M,VIZAG,Data Engineering with Python,data science,INR. 13499,Paid,Incomplete,,Jul,2024,Google Search,Mobile
ENR1436,Siddharth Desai,25,M,baroda,ML with Scikit-Learn,machine learning,Rs. 9499,Paid,Incomplete,,Jul,2023,Email Campaign,desktop
ENR1437,Preeti Parikh,42,Male,COIMBATORE,NLP with Python,Artificial Intelligence,INR 15999,Paid,Incomplete,,Jul,2023,LinkedIn Post,Desktop 
ENR1438,Hemlata Chaudhary,,Female,MYSORE,Statistics for Data Science, Data Science,INR 7999,Paid,Incomplete,,Mar,2024,Google Search,
ENR1439,Ramesh Hegde,26,MALE,Bhuvaneshwar,Deep Learning Essentials,machine learning,₹18499,Paid,Incomplete,NEW20,Feb,2024,Google Search,Desktop 
ENR1440,Lokesh Pillai,45,male, Jaipur,Time Series Forecasting,Machine learning,INR 10999,Pending,Incomplete,REFER10,Sep,2024,Facebook Ad,Tablet
ENR1441,saritha deshpande,43,,CHANDIGARH,Business Intelligence Reporting,Business Analytics,6999,Paid,Completed,,Jun,2023,YouTube Ad,
ENR1442,Padma Mishra,21,M,Coimbatore ,Docker & Kubernetes,DEVOPS,12499,Pending,Incomplete,EARLYBIRD,Jan,2023,LinkedIn Post,desktop
ENR1443,Prakash Pillai,22,FEMALE,bangaluru,Content Marketing Strategy,DIGITAL MARKETING,₹3499,Paid,Completed,,Oct,2024,Facebook Ad,Tablet
ENR1444,Kavya Sharma,22,M,GURGAON,DevOps Foundations,DevOPS,INR. 10499,Paid,Incomplete,NEW20,Mar,2024,LinkedIn Post,mobile
ENR1445,,27,,AHMEDABAD,Deep Learning Essentials,Artifical Intelligence,Rs.18499,Failed,Incomplete,CORP50,Dec,2023,LinkedIn Post,Desktop
ENR1446,shobha rajan,19,Male,Gurgoan,Tableau for Analysts,business Anaytics,Rs.6499,Paid,Completed,ALUMNI20,Apr,2023,Friend Referral,Mobile
ENR1447,Karan Swamy,,Male,Chandighar,Time Series Forecasting,Machine learning,INR. 10999,Paid,Completed,,Dec,2024,College Partnership,
ENR1448,,25,Female,DELHI,Google Cloud Essentials,Cloud Compuuting,Rs. 10999,Paid,Incomplete,NEW20,Mar,2024,Facebook Ad,mobile
ENR1449,Sameer Shinde,41,F, Lucknow,CI/CD Pipeline Mastery,DevOps,Rs.11999,Pending,Incomplete,CORP50,Aug,2024,Instagram Ad,Mobile
ENR1450,Rajesh Bhat,40,female,gurgaon,Django for Beginners,Web Dev,₹7999,Paid,Completed,STUDENT15,Nov,2023,YouTube Ad,Tablet
ENR1451,Sowmya Shukla,41,F,Luckhnow,Multi-Cloud Architecture,cloud compuing,Rs 17499,Paid,Incomplete,,Sep,2023,Walk-in,Desktop 
ENR1452,Juhi Mane,42,Male,ranchi,Django for Beginners,web dev,INR 7999,Paid,Completed,WELCOME10,Mar,2023,WhatsApp Group,desktop
ENR1453,Srinivas Swamy,41,Female, mumbai,Cyber Security Fundamentals,Cyber Security,Rs. 9999,Paid,Completed,,Nov,2023,Instagram Ad,Tablet
ENR1454,Rajesh Patil,37,F,NAGPUR,Power BI Analytics,business analytics,7499,Paid,Completed,FESTIVE30,Aug,2023,Friend Referral,Tablet
ENR1455,Mythili Bhatt,27,F,Heyderabad,Docker & Kubernetes,DEVOPS,12499,Paid,Incomplete,,Feb,2024,Facebook Ad,Mobile
ENR1456,VIVEK TRIVEDI,33,MALE, Chennai,Excel for Business,business Anaytics,₹2999,Failed,Incomplete,NEW20,Jan,2024,Email Campaign,Tablet
ENR1457,Leela Subramaniam,26,Male,Mumabi,Java for Beginners,Programming,Rs. 4499,Failed,Incomplete,STUDENT15,Apr,2023,College Partnership,Mobile
ENR1458,,21,M,Visakhapatnam,DevOps Foundations,devops,INR 10499,Paid,Completed,,Dec,2024,Walk-in,desktop
ENR1459,,,female,Indore,CI/CD Pipeline Mastery,DevOPS,11999,Pending,Incomplete,ALUMNI20,Nov,2024,Friend Referral,Desktop
ENR1460,Rahul Kapoor,39,Male,Lucknow,Business Intelligence Reporting,DATA SCIENCE,Rs 6999,Pending,Incomplete,REFER10,Apr,2024,LinkedIn Post,Tablet
ENR1461,Meera Parikh,,female,SURAT,AWS Cloud Practitioner,Cloud Compuuting,Rs 12999,Paid,Incomplete,FLASHSALE,Oct,2023,College Partnership,Tablet
ENR1462,Ajay Bhatt,18,Female, Nagpur,Network Security Essentials,Cyber security,Rs 8499,Paid,Completed,FESTIVE30,Nov,2024,YouTube Ad,Desktop 
ENR1463,Harish Swamy,26,,pune,SQL Masterclass,PROGRAMMING,4999,Failed,Incomplete,,Sep,2024,LinkedIn Post,Desktop
ENR1464,Karan Verma,21,Female,Gurgoan,Deep Learning Essentials,AI,18499,Failed,Incomplete,STUDENT15,Dec,2023,Walk-in,Desktop
ENR1531,Karthik Kulkarni,22,F,Coimbatore ,CI/CD Pipeline Mastery,Dev Ops,Rs 11999,Paid,Incomplete,EARLYBIRD,Jun,2023,Facebook Ad,Tablet
ENR1466,Saritha Hegde,42,,NAGPUR,Power BI Analytics,business Anaytics,Rs 7499,Failed,Incomplete,,Nov,2024,LinkedIn Post,MOBILE
ENR1467,,28,MALE,PATNA,Machine Learning Bootcamp,ML,Rs 16999,Failed,Incomplete,,Feb,2023,Instagram Ad,mobile
ENR1468,Dinesh Bose,36,MALE,vizag,Python Programming Basics,Programing,3999,Pending,Incomplete,SUMMER25,Dec,2024,Google Search,
ENR1469,Manjula Bose,38,female,SURAT,DevOps Foundations,DEVOPS,₹10499,Pending,Incomplete,,Dec,2024,Facebook Ad,
ENR1470,Archana Bhosale,39,male,Coimbtor,DevOps Foundations,Devops,Rs 10499,Paid,Completed,FESTIVE30,Apr,2023,Facebook Ad,Mobile
ENR1471,Neha Reddy,30,male,vizag,Data Engineering with Python, Data Science,Rs.13499,Failed,Incomplete,CORP50,Nov,2024,,Tablet
ENR1472,Manjula Reddy,30,FEMALE,patna,Business Intelligence Reporting,Data science,6999,Pending,Incomplete,,Dec,2024,Facebook Ad,mobile
ENR1473,Ramesh Solanki,20,female,Chandighar,Power BI Analytics,BUSINESS ANALYTICS,Rs.7499,Paid,Incomplete,WELCOME10,Apr,2023,LinkedIn Post,mobile
ENR1474,Kavya Deshpande,,female,Lucknow,Cyber Security Fundamentals,Cyber Security,INR. 9999,Pending,Incomplete,,Jul,2024,YouTube Ad,
ENR1475,Naresh Chopra,39,FEMALE,INDORE,ML with Scikit-Learn,MACHINE LEARNING,Rs. 9499,Paid,Incomplete,SUMMER25,Jun,2024,College Partnership,Tablet
ENR1476,Vijaya Chopra,40,M,Mysuru,Ethical Hacking Bootcamp,Cyber Security,Rs.13999,Paid,Incomplete,EARLYBIRD,Oct,2024,LinkedIn Post,desktop
ENR1477,Ajay More,22,Male,baroda,Deep Learning Essentials,Machne Learning,Rs. 18499,Failed,Incomplete,STUDENT15,Feb,2024,College Partnership,Mobile
ENR1478,vijay bajpai,28,M,Indor,Deep Learning Essentials,MACHINE LEARNING,Rs. 18499,Failed,Incomplete,,Nov,2023,Google Search,Desktop 
ENR1479,Sneha Rao,25,male,Luckhnow,SEO & SEM Masterclass,DIGITAL MARKETING,INR 4999,Failed,Incomplete,SUMMER25,Apr,2024,Email Campaign,MOBILE
ENR1480,Kavya Shinde,28,F,Vizag,Business Intelligence Reporting,data Science,Rs.6999,Paid,Completed,,Oct,2023,Email Campaign,desktop
ENR1481,Ashok Goswami,35,M,patna,Digital Marketing Pro,digital Markting,Rs.5999,Paid,Incomplete,,Feb,2023,YouTube Ad,Desktop
ENR1482,Rajesh Rajan,41,male, noida,Content Marketing Strategy,Digital marketing,Rs.3499,Paid,Completed,WELCOME10,Dec,2023,Email Campaign,Desktop 
ENR1483,Ajay Solanki,21,male,mumbai,Deep Learning Essentials,AI,₹18499,Failed,Incomplete,ALUMNI20,Sep,2023,Friend Referral,mobile
ENR1484,Ganesh Kumar,19,male, Pune,Python Programming Basics,programing,INR. 3999,Paid,Completed,CORP50,Aug,2024,YouTube Ad,Tablet
ENR1485,,37,F,jaipur,Django for Beginners,web development,INR 7999,Paid,Completed,,Nov,2024,Google Search,Tablet
ENR1486,Preeti Gowda,23,Female,Chandigarh,Digital Marketing Pro,Digital marketing,Rs.5999,Paid,Completed,WELCOME10,May,2023,Friend Referral,
ENR1487,Ananya Verma,44,F,Bhopal,AI for Business Leaders,Artificial intelligence,Rs. 11999,Paid,Incomplete,REFER10,Dec,2024,College Partnership,Desktop
ENR1488,Indira Gowda,41,female,Coimbatore,Business Intelligence Reporting,business Anaytics,Rs 6999,Paid,Completed,FLASHSALE,Dec,2024,LinkedIn Post,Desktop
ENR1489,Nisha Bose,42,male,Puna,Linux for DevOps,DEVOPS,Rs. 6999,Failed,Incomplete,,Aug,2024,Facebook Ad,MOBILE
ENR1490,Rajesh Subramaniam,41,Female,Chennai,Cyber Security Fundamentals,CyberSecurity,9999,Failed,Incomplete,REFER10,Aug,2024,College Partnership,Tablet
ENR1491,Pavan Gowda,37,M,Bangalore,AI for Business Leaders,Artifical Intelligence,INR. 11999,Pending,Incomplete,,Jun,2024,YouTube Ad,Mobile
ENR1492,,22,, Kochi,Content Marketing Strategy,Digital marketing,Rs 3499,Failed,Incomplete,CORP50,Oct,2024,WhatsApp Group,desktop
ENR1493,Sneha More,23,FEMALE,kolkatta,CI/CD Pipeline Mastery,DevOPS,Rs. 11999,Paid,Incomplete,WELCOME10,Sep,2023,Facebook Ad,Desktop 
ENR1494,simran nair,35,FEMALE,CHENNAI,SQL Masterclass,programing,Rs 4999,Paid,Completed,,Nov,2024,Friend Referral,Desktop 
ENR1518,Rahul Nair,34,F,Vizag,Network Security Essentials,Cybersecurity,Rs 8499,Paid,Completed,,Oct,2024,Friend Referral,MOBILE
ENR1496,Prasad Mane,43,FEMALE, Ranchi,Docker & Kubernetes,DevOps,12499,Failed,Incomplete,,Sep,2024,YouTube Ad,
ENR1497,Shruti Shah,44,male,Patna,React & Node.js Bootcamp,Web development,13999,Failed,Incomplete,WELCOME10,Jan,2023,,desktop
ENR1498,,38,Male,Puna,Power BI Analytics,business analytics,₹7499,Paid,Incomplete,,Dec,2023,LinkedIn Post,desktop
ENR1499,Satish Kapoor,30,M,ahmedabad,Google Cloud Essentials,CLOUD COMPUTING,Rs 10999,Pending,Incomplete,,Jul,2024,Email Campaign,MOBILE
ENR1500,Sameer Bhosale,25,,Chandigarh,Network Security Essentials,Cybersecurity,INR 8499,Paid,Incomplete,WELCOME10,Jan,2023,YouTube Ad,Desktop 
ENR1501,Krishna Kulkarni,20,Female, Nagpur,React & Node.js Bootcamp,WEB DEVELOPMENT,13999,Failed,Incomplete,,Mar,2023,LinkedIn Post,mobile
ENR1502,Riya Murthy,,MALE,Chandigarh,Python for Data Science,DATA SCIENCE,INR. 8999,Failed,Incomplete,,Jul,2024,YouTube Ad,Desktop
ENR1503,Lakshmi Subramaniam,45,MALE,Hydrabad,Multi-Cloud Architecture,CLOUD COMPUTING,₹17499,Paid,Completed,WELCOME10,Jun,2023,Facebook Ad,mobile
ENR1504,ramesh jadhav,27,F, Chennai,Django for Beginners,web development,Rs 7999,Failed,Incomplete,,Aug,2023,Instagram Ad,Tablet
ENR1505,,30,F,mysuru,Digital Marketing Pro,digital marketing,Rs 5999,Failed,Incomplete,,Nov,2024,Walk-in,
ENR1506,Rekha Iyer,35,FEMALE, Delhi,AWS Cloud Practitioner,cloud computing,Rs 12999,Failed,Incomplete,,Mar,2024,Google Search,MOBILE
ENR1507,Sandeep Venkatesh,45,F,new delhi,AI for Business Leaders,Artifical Intelligence,Rs.11999,Paid,Incomplete,SUMMER25,Nov,2023,Facebook Ad,Mobile
ENR1508, Monika More,27,MALE,Chandigarh,SEO & SEM Masterclass,Digital marketing,Rs 4999,Failed,Incomplete,SUMMER25,Jan,2024,,Tablet
ENR1509,Pranav Pillai,36,male,Surat,Advanced Excel Dashboarding,PROGRAMMING,Rs 3499,Failed,Incomplete,,Nov,2023,Friend Referral,Mobile
ENR1510,Sunil Pandey,22,MALE, Jaipur,Business Intelligence Reporting,Data science,INR. 6999,Failed,Incomplete,,Feb,2024,College Partnership,Desktop
ENR1511,Usha Mane,43,male, noida,Advanced Excel Dashboarding,PROGRAMMING,Rs. 3499,Paid,Completed,,Jul,2023,College Partnership,Tablet
ENR1512,Kavitha Kapoor ,40,female,Surt,Social Media Marketing,Digitall Marketing,Rs 3999,Paid,Completed,,Nov,2023,LinkedIn Post,Mobile
ENR1513,Aarav Malhotra,34,MALE,KOCHI,Multi-Cloud Architecture,CLOUD COMPUTING,Rs. 17499,Failed,Incomplete,CORP50,Feb,2023,Google Search,Desktop 
ENR1514,Vijay Tiwari,18,female,Pune ,Tableau for Analysts,Business analytics,6499,Paid,Completed,WELCOME10,Mar,2023,Instagram Ad,desktop
ENR1515,Siddharth Chopra,29,F,KOCHI,Cyber Security Fundamentals,CyberSecurity,Rs 9999,Failed,Incomplete,,Sep,2024,Email Campaign,Tablet
ENR1516,Radha Shinde,23,female,Chandighar,Python Programming Basics,programing,₹3999,Paid,Incomplete,,Feb,2024,LinkedIn Post,Mobile
ENR1517,ADITYA REDDY,40,Female,Bhuvaneshwar,Java for Beginners,Programming,4499,Paid,Completed,,Jun,2024,Instagram Ad,desktop
ENR1518,Rahul Nair,34,F,Vizag,Network Security Essentials,Cybersecurity,Rs 8499,Paid,Completed,,Oct,2024,Friend Referral,MOBILE
ENR1519,Sameer Nair ,30,M, delhi,Digital Marketing Pro,Digitall Marketing,INR 5999,Paid,Completed,SUMMER25,Jan,2024,Google Search,
ENR1520,,28,M, Gurgaon,Deep Learning Essentials,artificial intelligence,Rs. 18499,Failed,Incomplete,FLASHSALE,Dec,2024,Walk-in,
ENR1521,Ramesh Pillai,39,, Surat,Python for Data Science,Data Science,Rs. 8999,Failed,Incomplete,,Sep,2024,YouTube Ad,
ENR1522,Ravi Gowda,20,M,surat,Python for Data Science,Data Science,Rs.8999,Paid,Completed,EARLYBIRD,Dec,2023,YouTube Ad,Desktop 
ENR1523,Pavan Joshi,24,M,Kochi,Cyber Security Fundamentals,Cyber security,₹9999,Failed,Incomplete,WELCOME10,Jan,2023,Instagram Ad,Desktop 
ENR1524,Dinesh Verma,22,Male, Hyderabad,Content Marketing Strategy,digital marketing,INR 3499,Paid,Completed,WELCOME10,Sep,2023,Google Search,Mobile
ENR1525,,20,,nagpur,Digital Marketing Pro,digital marketing,INR 5999,Failed,Incomplete,FLASHSALE,Jan,2023,YouTube Ad,Mobile
ENR1526,Manish Shah,41,MALE,KOLKATA,Content Marketing Strategy,Digital Marketing,Rs 3499,Paid,Completed,CORP50,Jun,2024,LinkedIn Post,
ENR1527,Neha Goswami,41,Male,Banglore,ML with Scikit-Learn,MACHINE LEARNING,9499,Paid,Incomplete,,Feb,2023,Google Search,MOBILE
ENR1528,Kavitha Swamy,45,Male,baroda,Docker & Kubernetes,DevOps,Rs.12499,Paid,Incomplete,,Sep,2023,LinkedIn Post,Desktop
ENR1529,Preeti Dubey,28,Female,Chennai,Django for Beginners,Web development,7999,Paid,Completed,NEW20,Oct,2023,,desktop
ENR1530,Girish Patil,26,MALE,Gurugram,ML with Scikit-Learn,Machne Learning,Rs 9499,Paid,Completed,,Sep,2024,YouTube Ad,mobile
ENR1531,Karthik Kulkarni,22,F,Coimbatore ,CI/CD Pipeline Mastery,Dev Ops,Rs 11999,Paid,Incomplete,EARLYBIRD,Jun,2023,Facebook Ad,Tablet
ENR1532,Ankita Parikh,36,male, Indore,Business Intelligence Reporting, Data Science,Rs. 6999,Paid,Completed,EARLYBIRD,Nov,2024,Google Search,
ENR1533,vishal kapoor,37,Male,mysuru,Python for Data Science,data science,INR. 8999,Pending,Incomplete,ALUMNI20,Oct,2023,Facebook Ad,Tablet
ENR1534,Asha Rajan,25,male,Chandighar,Java for Beginners,programing,4499,Paid,Completed,WELCOME10,Oct,2023,WhatsApp Group,Desktop
ENR1535,Naresh Mane,32,Male,patna,AWS Cloud Practitioner,CLOUD COMPUTING,Rs 12999,Paid,Incomplete,REFER10,Nov,2023,,mobile
ENR1536,Lokesh Bhatt,20,Male,lucknow,Digital Marketing Pro,DIGITAL MARKETING,INR 5999,Paid,Completed,,Mar,2023,Friend Referral,mobile
ENR1537,Prakash Patel,28,M, Surat,Google Cloud Essentials,CLOUD COMPUTING,₹10999,Failed,Incomplete,SUMMER25,Feb,2024,LinkedIn Post,Desktop
ENR1538,Harish Deshpande,21,FEMALE,ahemdabad,React & Node.js Bootcamp,WEB DEVELOPMENT,Rs. 13999,Paid,Completed,,Nov,2024,Instagram Ad,mobile
ENR1539,,37,Female,patna,Google Cloud Essentials,cloud compuing,INR 10999,Paid,Incomplete,,Jun,2023,Google Search,desktop
ENR1540,,43,female,cochin,Advanced Excel Dashboarding,Programming ,Rs 3499,Paid,Completed,ALUMNI20,Apr,2023,Email Campaign,mobile
